file,line,type,commit,author,date,time,timezone,datetime,depth,length
style.css,1,css,3008ae59,Andy Huang,2025-01-10,14:02:30,-08:00,2025-01-10T14:02:30-08:00,0,5
style.css,2,css,3008ae59,Andy Huang,2025-01-10,14:02:30,-08:00,2025-01-10T14:02:30-08:00,0,44
style.css,3,css,3008ae59,Andy Huang,2025-01-10,14:02:30,-08:00,2025-01-10T14:02:30-08:00,0,43
style.css,4,css,3008ae59,Andy Huang,2025-01-10,14:02:30,-08:00,2025-01-10T14:02:30-08:00,0,1
style.css,5,css,3008ae59,Andy Huang,2025-01-10,14:02:30,-08:00,2025-01-10T14:02:30-08:00,0,24
style.css,6,css,1aaf762b,Andy Huang,2025-01-17,13:26:32,-08:00,2025-01-17T13:26:32-08:00,0,57
style.css,7,css,1aaf762b,Andy Huang,2025-01-17,13:26:32,-08:00,2025-01-17T13:26:32-08:00,0,54
style.css,8,css,1aaf762b,Andy Huang,2025-01-17,13:26:32,-08:00,2025-01-17T13:26:32-08:00,0,63
style.css,9,css,1aaf762b,Andy Huang,2025-01-17,13:26:32,-08:00,2025-01-17T13:26:32-08:00,0,43
style.css,10,css,1aaf762b,Andy Huang,2025-01-17,13:26:32,-08:00,2025-01-17T13:26:32-08:00,0,0
style.css,11,css,1aaf762b,Andy Huang,2025-01-17,13:26:32,-08:00,2025-01-17T13:26:32-08:00,0,6
style.css,12,css,1aaf762b,Andy Huang,2025-01-17,13:26:32,-08:00,2025-01-17T13:26:32-08:00,0,10
style.css,13,css,1aaf762b,Andy Huang,2025-01-17,13:26:32,-08:00,2025-01-17T13:26:32-08:00,0,49
style.css,14,css,1aaf762b,Andy Huang,2025-01-17,13:26:32,-08:00,2025-01-17T13:26:32-08:00,0,0
style.css,15,css,1aaf762b,Andy Huang,2025-01-17,13:26:32,-08:00,2025-01-17T13:26:32-08:00,0,4
style.css,16,css,36860211,Andy Huang,2025-01-24,20:33:11,-08:00,2025-01-24T20:33:11-08:00,0,40
style.css,17,css,1aaf762b,Andy Huang,2025-01-17,13:26:32,-08:00,2025-01-17T13:26:32-08:00,0,13
style.css,18,css,1aaf762b,Andy Huang,2025-01-17,13:26:32,-08:00,2025-01-17T13:26:32-08:00,0,9
style.css,19,css,1aaf762b,Andy Huang,2025-01-17,13:26:32,-08:00,2025-01-17T13:26:32-08:00,0,0
style.css,20,css,1aaf762b,Andy Huang,2025-01-17,13:26:32,-08:00,2025-01-17T13:26:32-08:00,0,6
style.css,21,css,1aaf762b,Andy Huang,2025-01-17,13:26:32,-08:00,2025-01-17T13:26:32-08:00,0,7
style.css,22,css,1aaf762b,Andy Huang,2025-01-17,13:26:32,-08:00,2025-01-17T13:26:32-08:00,0,18
style.css,23,css,1aaf762b,Andy Huang,2025-01-17,13:26:32,-08:00,2025-01-17T13:26:32-08:00,0,21
style.css,24,css,1aaf762b,Andy Huang,2025-01-17,13:26:32,-08:00,2025-01-17T13:26:32-08:00,0,14
style.css,25,css,1aaf762b,Andy Huang,2025-01-17,13:26:32,-08:00,2025-01-17T13:26:32-08:00,0,15
style.css,26,css,1aaf762b,Andy Huang,2025-01-17,13:26:32,-08:00,2025-01-17T13:26:32-08:00,0,22
style.css,27,css,1aaf762b,Andy Huang,2025-01-17,13:26:32,-08:00,2025-01-17T13:26:32-08:00,0,24
style.css,28,css,1aaf762b,Andy Huang,2025-01-17,13:26:32,-08:00,2025-01-17T13:26:32-08:00,0,26
style.css,29,css,1aaf762b,Andy Huang,2025-01-17,13:26:32,-08:00,2025-01-17T13:26:32-08:00,0,38
style.css,30,css,1aaf762b,Andy Huang,2025-01-17,13:26:32,-08:00,2025-01-17T13:26:32-08:00,0,20
style.css,31,css,1aaf762b,Andy Huang,2025-01-17,13:26:32,-08:00,2025-01-17T13:26:32-08:00,0,0
style.css,32,css,1aaf762b,Andy Huang,2025-01-17,13:26:32,-08:00,2025-01-17T13:26:32-08:00,0,14
style.css,33,css,1aaf762b,Andy Huang,2025-01-17,13:26:32,-08:00,2025-01-17T13:26:32-08:00,0,41
style.css,34,css,1aaf762b,Andy Huang,2025-01-17,13:26:32,-08:00,2025-01-17T13:26:32-08:00,0,45
style.css,35,css,1aaf762b,Andy Huang,2025-01-17,13:26:32,-08:00,2025-01-17T13:26:32-08:00,0,57
style.css,36,css,1aaf762b,Andy Huang,2025-01-17,13:26:32,-08:00,2025-01-17T13:26:32-08:00,0,82
style.css,37,css,1aaf762b,Andy Huang,2025-01-17,13:26:32,-08:00,2025-01-17T13:26:32-08:00,0,0
style.css,38,css,1aaf762b,Andy Huang,2025-01-17,13:26:32,-08:00,2025-01-17T13:26:32-08:00,0,6
style.css,39,css,1aaf762b,Andy Huang,2025-01-17,13:26:32,-08:00,2025-01-17T13:26:32-08:00,0,53
style.css,40,css,c04b6149,Andy Huang,2025-02-08,23:48:24,-08:00,2025-02-08T23:48:24-08:00,0,50
style.css,41,css,c04b6149,Andy Huang,2025-02-08,23:48:24,-08:00,2025-02-08T23:48:24-08:00,0,50
style.css,42,css,c04b6149,Andy Huang,2025-02-08,23:48:24,-08:00,2025-02-08T23:48:24-08:00,0,0
style.css,43,css,c04b6149,Andy Huang,2025-02-08,23:48:24,-08:00,2025-02-08T23:48:24-08:00,0,0
style.css,44,css,c04b6149,Andy Huang,2025-02-08,23:48:24,-08:00,2025-02-08T23:48:24-08:00,0,36
style.css,45,css,c04b6149,Andy Huang,2025-02-08,23:48:24,-08:00,2025-02-08T23:48:24-08:00,0,6
style.css,46,css,c04b6149,Andy Huang,2025-02-08,23:48:24,-08:00,2025-02-08T23:48:24-08:00,0,49
style.css,47,css,c04b6149,Andy Huang,2025-02-08,23:48:24,-08:00,2025-02-08T23:48:24-08:00,0,49
style.css,48,css,c04b6149,Andy Huang,2025-02-08,23:48:24,-08:00,2025-02-08T23:48:24-08:00,0,0
style.css,49,css,1aaf762b,Andy Huang,2025-01-17,13:26:32,-08:00,2025-01-17T13:26:32-08:00,0,0
style.css,50,css,1aaf762b,Andy Huang,2025-01-17,13:26:32,-08:00,2025-01-17T13:26:32-08:00,0,5
style.css,51,css,1aaf762b,Andy Huang,2025-01-17,13:26:32,-08:00,2025-01-17T13:26:32-08:00,0,71
style.css,52,css,1aaf762b,Andy Huang,2025-01-17,13:26:32,-08:00,2025-01-17T13:26:32-08:00,0,0
style.css,53,css,1aaf762b,Andy Huang,2025-01-17,13:26:32,-08:00,2025-01-17T13:26:32-08:00,0,12
style.css,54,css,1aaf762b,Andy Huang,2025-01-17,13:26:32,-08:00,2025-01-17T13:26:32-08:00,0,80
style.css,55,css,1aaf762b,Andy Huang,2025-01-17,13:26:32,-08:00,2025-01-17T13:26:32-08:00,0,86
style.css,56,css,1aaf762b,Andy Huang,2025-01-17,13:26:32,-08:00,2025-01-17T13:26:32-08:00,0,61
style.css,57,css,43da75d5,Andy Huang,2025-01-24,20:47:14,-08:00,2025-01-24T20:47:14-08:00,0,70
style.css,58,css,1aaf762b,Andy Huang,2025-01-17,13:26:32,-08:00,2025-01-17T13:26:32-08:00,0,0
style.css,59,css,1aaf762b,Andy Huang,2025-01-17,13:26:32,-08:00,2025-01-17T13:26:32-08:00,0,5
style.css,60,css,1aaf762b,Andy Huang,2025-01-17,13:26:32,-08:00,2025-01-17T13:26:32-08:00,0,35
style.css,61,css,1aaf762b,Andy Huang,2025-01-17,13:26:32,-08:00,2025-01-17T13:26:32-08:00,0,56
style.css,62,css,1aaf762b,Andy Huang,2025-01-17,13:26:32,-08:00,2025-01-17T13:26:32-08:00,0,40
style.css,63,css,1aaf762b,Andy Huang,2025-01-17,13:26:32,-08:00,2025-01-17T13:26:32-08:00,0,45
style.css,64,css,1aaf762b,Andy Huang,2025-01-17,13:26:32,-08:00,2025-01-17T13:26:32-08:00,0,0
style.css,65,css,1aaf762b,Andy Huang,2025-01-17,13:26:32,-08:00,2025-01-17T13:26:32-08:00,0,0
style.css,66,css,1aaf762b,Andy Huang,2025-01-17,13:26:32,-08:00,2025-01-17T13:26:32-08:00,0,6
style.css,67,css,1aaf762b,Andy Huang,2025-01-17,13:26:32,-08:00,2025-01-17T13:26:32-08:00,0,13
style.css,68,css,1aaf762b,Andy Huang,2025-01-17,13:26:32,-08:00,2025-01-17T13:26:32-08:00,0,30
style.css,69,css,1aaf762b,Andy Huang,2025-01-17,13:26:32,-08:00,2025-01-17T13:26:32-08:00,0,19
style.css,70,css,1aaf762b,Andy Huang,2025-01-17,13:26:32,-08:00,2025-01-17T13:26:32-08:00,0,52
style.css,71,css,1aaf762b,Andy Huang,2025-01-17,13:26:32,-08:00,2025-01-17T13:26:32-08:00,0,61
style.css,72,css,1aaf762b,Andy Huang,2025-01-17,13:26:32,-08:00,2025-01-17T13:26:32-08:00,0,19
style.css,73,css,1aaf762b,Andy Huang,2025-01-17,13:26:32,-08:00,2025-01-17T13:26:32-08:00,0,0
style.css,74,css,1aaf762b,Andy Huang,2025-01-17,13:26:32,-08:00,2025-01-17T13:26:32-08:00,0,0
style.css,75,css,1aaf762b,Andy Huang,2025-01-17,13:26:32,-08:00,2025-01-17T13:26:32-08:00,0,24
style.css,76,css,1aaf762b,Andy Huang,2025-01-17,13:26:32,-08:00,2025-01-17T13:26:32-08:00,0,49
style.css,77,css,1aaf762b,Andy Huang,2025-01-17,13:26:32,-08:00,2025-01-17T13:26:32-08:00,0,54
style.css,78,css,1aaf762b,Andy Huang,2025-01-17,13:26:32,-08:00,2025-01-17T13:26:32-08:00,0,44
style.css,79,css,1aaf762b,Andy Huang,2025-01-17,13:26:32,-08:00,2025-01-17T13:26:32-08:00,0,22
style.css,80,css,1aaf762b,Andy Huang,2025-01-17,13:26:32,-08:00,2025-01-17T13:26:32-08:00,0,0
style.css,81,css,1aaf762b,Andy Huang,2025-01-17,13:26:32,-08:00,2025-01-17T13:26:32-08:00,0,0
style.css,82,css,1aaf762b,Andy Huang,2025-01-17,13:26:32,-08:00,2025-01-17T13:26:32-08:00,0,7
style.css,83,css,1aaf762b,Andy Huang,2025-01-17,13:26:32,-08:00,2025-01-17T13:26:32-08:00,0,57
style.css,84,css,1aaf762b,Andy Huang,2025-01-17,13:26:32,-08:00,2025-01-17T13:26:32-08:00,0,53
style.css,85,css,1aaf762b,Andy Huang,2025-01-17,13:26:32,-08:00,2025-01-17T13:26:32-08:00,0,17
style.css,86,css,43da75d5,Andy Huang,2025-01-24,20:47:14,-08:00,2025-01-24T20:47:14-08:00,0,70
style.css,87,css,1aaf762b,Andy Huang,2025-01-17,13:26:32,-08:00,2025-01-17T13:26:32-08:00,0,0
style.css,88,css,1aaf762b,Andy Huang,2025-01-17,13:26:32,-08:00,2025-01-17T13:26:32-08:00,0,0
style.css,89,css,1aaf762b,Andy Huang,2025-01-17,13:26:32,-08:00,2025-01-17T13:26:32-08:00,0,10
style.css,90,css,1aaf762b,Andy Huang,2025-01-17,13:26:32,-08:00,2025-01-17T13:26:32-08:00,0,13
style.css,91,css,1aaf762b,Andy Huang,2025-01-17,13:26:32,-08:00,2025-01-17T13:26:32-08:00,0,59
style.css,92,css,1aaf762b,Andy Huang,2025-01-17,13:26:32,-08:00,2025-01-17T13:26:32-08:00,0,46
style.css,93,css,1aaf762b,Andy Huang,2025-01-17,13:26:32,-08:00,2025-01-17T13:26:32-08:00,0,57
style.css,94,css,1aaf762b,Andy Huang,2025-01-17,13:26:32,-08:00,2025-01-17T13:26:32-08:00,0,47
style.css,95,css,1aaf762b,Andy Huang,2025-01-17,13:26:32,-08:00,2025-01-17T13:26:32-08:00,0,57
style.css,96,css,1aaf762b,Andy Huang,2025-01-17,13:26:32,-08:00,2025-01-17T13:26:32-08:00,0,0
style.css,97,css,1aaf762b,Andy Huang,2025-01-17,13:26:32,-08:00,2025-01-17T13:26:32-08:00,0,0
style.css,98,css,1aaf762b,Andy Huang,2025-01-17,13:26:32,-08:00,2025-01-17T13:26:32-08:00,0,8
style.css,99,css,1aaf762b,Andy Huang,2025-01-17,13:26:32,-08:00,2025-01-17T13:26:32-08:00,0,13
style.css,100,css,1aaf762b,Andy Huang,2025-01-17,13:26:32,-08:00,2025-01-17T13:26:32-08:00,0,27
style.css,101,css,1aaf762b,Andy Huang,2025-01-17,13:26:32,-08:00,2025-01-17T13:26:32-08:00,0,16
style.css,102,css,1aaf762b,Andy Huang,2025-01-17,13:26:32,-08:00,2025-01-17T13:26:32-08:00,0,8
style.css,103,css,1aaf762b,Andy Huang,2025-01-17,13:26:32,-08:00,2025-01-17T13:26:32-08:00,0,0
style.css,104,css,1aaf762b,Andy Huang,2025-01-17,13:26:32,-08:00,2025-01-17T13:26:32-08:00,0,0
style.css,105,css,1aaf762b,Andy Huang,2025-01-17,13:26:32,-08:00,2025-01-17T13:26:32-08:00,0,3
style.css,106,css,1aaf762b,Andy Huang,2025-01-17,13:26:32,-08:00,2025-01-17T13:26:32-08:00,0,14
style.css,107,css,1aaf762b,Andy Huang,2025-01-17,13:26:32,-08:00,2025-01-17T13:26:32-08:00,0,0
style.css,108,css,d5765696,Andy Huang,2025-01-17,15:21:01,-08:00,2025-01-17T15:21:01-08:00,0,0
style.css,109,css,30059282,Andy Huang,2025-01-17,15:23:58,-08:00,2025-01-17T15:23:58-08:00,0,22
style.css,110,css,1aaf762b,Andy Huang,2025-01-17,13:26:32,-08:00,2025-01-17T13:26:32-08:00,0,16
style.css,111,css,1aaf762b,Andy Huang,2025-01-17,13:26:32,-08:00,2025-01-17T13:26:32-08:00,0,18
style.css,112,css,2c6622a2,Andy Huang,2025-01-17,14:54:05,-08:00,2025-01-17T14:54:05-08:00,0,0
style.css,113,css,2c6622a2,Andy Huang,2025-01-17,14:54:05,-08:00,2025-01-17T14:54:05-08:00,0,0
style.css,114,css,2c6622a2,Andy Huang,2025-01-17,14:54:05,-08:00,2025-01-17T14:54:05-08:00,0,12
style.css,115,css,2c6622a2,Andy Huang,2025-01-17,14:54:05,-08:00,2025-01-17T14:54:05-08:00,0,17
style.css,116,css,2c6622a2,Andy Huang,2025-01-17,14:54:05,-08:00,2025-01-17T14:54:05-08:00,0,0
style.css,117,css,2c6622a2,Andy Huang,2025-01-17,14:54:05,-08:00,2025-01-17T14:54:05-08:00,0,0
style.css,118,css,2c6622a2,Andy Huang,2025-01-17,14:54:05,-08:00,2025-01-17T14:54:05-08:00,0,0
style.css,119,css,2c6622a2,Andy Huang,2025-01-17,14:54:05,-08:00,2025-01-17T14:54:05-08:00,0,17
style.css,120,css,2c6622a2,Andy Huang,2025-01-17,14:54:05,-08:00,2025-01-17T14:54:05-08:00,0,13
style.css,121,css,2c6622a2,Andy Huang,2025-01-17,14:54:05,-08:00,2025-01-17T14:54:05-08:00,0,59
style.css,122,css,2c6622a2,Andy Huang,2025-01-17,14:54:05,-08:00,2025-01-17T14:54:05-08:00,0,46
style.css,123,css,2c6622a2,Andy Huang,2025-01-17,14:54:05,-08:00,2025-01-17T14:54:05-08:00,0,57
style.css,124,css,2c6622a2,Andy Huang,2025-01-17,14:54:05,-08:00,2025-01-17T14:54:05-08:00,0,47
style.css,125,css,2c6622a2,Andy Huang,2025-01-17,14:54:05,-08:00,2025-01-17T14:54:05-08:00,0,57
style.css,126,css,2c6622a2,Andy Huang,2025-01-17,14:54:05,-08:00,2025-01-17T14:54:05-08:00,0,0
style.css,127,css,2c6622a2,Andy Huang,2025-01-17,14:54:05,-08:00,2025-01-17T14:54:05-08:00,0,0
style.css,128,css,2c6622a2,Andy Huang,2025-01-17,14:54:05,-08:00,2025-01-17T14:54:05-08:00,0,17
style.css,129,css,2c6622a2,Andy Huang,2025-01-17,14:54:05,-08:00,2025-01-17T14:54:05-08:00,0,13
style.css,130,css,2c6622a2,Andy Huang,2025-01-17,14:54:05,-08:00,2025-01-17T14:54:05-08:00,0,27
style.css,131,css,2c6622a2,Andy Huang,2025-01-17,14:54:05,-08:00,2025-01-17T14:54:05-08:00,0,16
style.css,132,css,2c6622a2,Andy Huang,2025-01-17,14:54:05,-08:00,2025-01-17T14:54:05-08:00,0,8
style.css,133,css,2c6622a2,Andy Huang,2025-01-17,14:54:05,-08:00,2025-01-17T14:54:05-08:00,0,69
style.css,134,css,2c6622a2,Andy Huang,2025-01-17,14:54:05,-08:00,2025-01-17T14:54:05-08:00,0,71
style.css,135,css,2c6622a2,Andy Huang,2025-01-17,14:54:05,-08:00,2025-01-17T14:54:05-08:00,0,51
style.css,136,css,2c6622a2,Andy Huang,2025-01-17,14:54:05,-08:00,2025-01-17T14:54:05-08:00,0,51
style.css,137,css,2c6622a2,Andy Huang,2025-01-17,14:54:05,-08:00,2025-01-17T14:54:05-08:00,0,53
style.css,138,css,2c6622a2,Andy Huang,2025-01-17,14:54:05,-08:00,2025-01-17T14:54:05-08:00,0,0
style.css,139,css,2c6622a2,Andy Huang,2025-01-17,14:54:05,-08:00,2025-01-17T14:54:05-08:00,0,0
style.css,140,css,2c6622a2,Andy Huang,2025-01-17,14:54:05,-08:00,2025-01-17T14:54:05-08:00,0,9
style.css,141,css,2c6622a2,Andy Huang,2025-01-17,14:54:05,-08:00,2025-01-17T14:54:05-08:00,0,18
style.css,142,css,2c6622a2,Andy Huang,2025-01-17,14:54:05,-08:00,2025-01-17T14:54:05-08:00,0,0
style.css,143,css,2c6622a2,Andy Huang,2025-01-17,14:54:05,-08:00,2025-01-17T14:54:05-08:00,0,0
style.css,144,css,2c6622a2,Andy Huang,2025-01-17,14:54:05,-08:00,2025-01-17T14:54:05-08:00,0,9
style.css,145,css,2c6622a2,Andy Huang,2025-01-17,14:54:05,-08:00,2025-01-17T14:54:05-08:00,0,21
style.css,146,css,9e4a55cb,Andy Huang,2025-01-17,16:22:20,-08:00,2025-01-17T16:22:20-08:00,0,7
style.css,147,css,9e4a55cb,Andy Huang,2025-01-17,16:22:20,-08:00,2025-01-17T16:22:20-08:00,0,26
style.css,148,css,9e4a55cb,Andy Huang,2025-01-17,16:22:20,-08:00,2025-01-17T16:22:20-08:00,0,0
style.css,149,css,36860211,Andy Huang,2025-01-24,20:33:11,-08:00,2025-01-24T20:33:11-08:00,0,0
style.css,150,css,36860211,Andy Huang,2025-01-24,20:33:11,-08:00,2025-01-24T20:33:11-08:00,0,0
style.css,151,css,36860211,Andy Huang,2025-01-24,20:33:11,-08:00,2025-01-24T20:33:11-08:00,0,5
style.css,152,css,36860211,Andy Huang,2025-01-24,20:33:11,-08:00,2025-01-24T20:33:11-08:00,0,24
style.css,153,css,faf64d74,Andy Huang,2025-01-24,20:51:57,-08:00,2025-01-24T20:51:57-08:00,0,0
style.css,154,css,faf64d74,Andy Huang,2025-01-24,20:51:57,-08:00,2025-01-24T20:51:57-08:00,0,0
style.css,155,css,faf64d74,Andy Huang,2025-01-24,20:51:57,-08:00,2025-01-24T20:51:57-08:00,0,19
style.css,156,css,faf64d74,Andy Huang,2025-01-24,20:51:57,-08:00,2025-01-24T20:51:57-08:00,0,73
style.css,157,css,faf64d74,Andy Huang,2025-01-24,20:51:57,-08:00,2025-01-24T20:51:57-08:00,0,62
style.css,158,css,faf64d74,Andy Huang,2025-01-24,20:51:57,-08:00,2025-01-24T20:51:57-08:00,0,64
style.css,159,css,faf64d74,Andy Huang,2025-01-24,20:51:57,-08:00,2025-01-24T20:51:57-08:00,0,55
style.css,160,css,faf64d74,Andy Huang,2025-01-24,20:51:57,-08:00,2025-01-24T20:51:57-08:00,0,70
style.css,161,css,faf64d74,Andy Huang,2025-01-24,20:51:57,-08:00,2025-01-24T20:51:57-08:00,0,11
style.css,162,css,faf64d74,Andy Huang,2025-01-24,20:51:57,-08:00,2025-01-24T20:51:57-08:00,0,0
style.css,163,css,faf64d74,Andy Huang,2025-01-24,20:51:57,-08:00,2025-01-24T20:51:57-08:00,0,0
style.css,164,css,faf64d74,Andy Huang,2025-01-24,20:51:57,-08:00,2025-01-24T20:51:57-08:00,0,26
style.css,165,css,faf64d74,Andy Huang,2025-01-24,20:51:57,-08:00,2025-01-24T20:51:57-08:00,0,86
style.css,166,css,99c2091a,Andy Huang,2025-01-31,14:19:17,-08:00,2025-01-31T14:19:17-08:00,0,0
style.css,167,css,99c2091a,Andy Huang,2025-01-31,14:19:17,-08:00,2025-01-31T14:19:17-08:00,0,0
style.css,168,css,99c2091a,Andy Huang,2025-01-31,14:19:17,-08:00,2025-01-31T14:19:17-08:00,0,23
style.css,169,css,99c2091a,Andy Huang,2025-01-31,14:19:17,-08:00,2025-01-31T14:19:17-08:00,0,15
style.css,170,css,99c2091a,Andy Huang,2025-01-31,14:19:17,-08:00,2025-01-31T14:19:17-08:00,0,37
style.css,171,css,99c2091a,Andy Huang,2025-01-31,14:19:17,-08:00,2025-01-31T14:19:17-08:00,0,13
style.css,172,css,99c2091a,Andy Huang,2025-01-31,14:19:17,-08:00,2025-01-31T14:19:17-08:00,0,16
style.css,173,css,99c2091a,Andy Huang,2025-01-31,14:19:17,-08:00,2025-01-31T14:19:17-08:00,0,18
style.css,174,css,99c2091a,Andy Huang,2025-01-31,14:19:17,-08:00,2025-01-31T14:19:17-08:00,0,27
style.css,175,css,99c2091a,Andy Huang,2025-01-31,14:19:17,-08:00,2025-01-31T14:19:17-08:00,0,11
style.css,176,css,99c2091a,Andy Huang,2025-01-31,14:19:17,-08:00,2025-01-31T14:19:17-08:00,0,16
style.css,177,css,99c2091a,Andy Huang,2025-01-31,14:19:17,-08:00,2025-01-31T14:19:17-08:00,0,36
style.css,178,css,99c2091a,Andy Huang,2025-01-31,14:19:17,-08:00,2025-01-31T14:19:17-08:00,0,24
style.css,179,css,99c2091a,Andy Huang,2025-01-31,14:19:17,-08:00,2025-01-31T14:19:17-08:00,0,0
style.css,180,css,99c2091a,Andy Huang,2025-01-31,14:19:17,-08:00,2025-01-31T14:19:17-08:00,0,0
style.css,181,css,99c2091a,Andy Huang,2025-01-31,14:19:17,-08:00,2025-01-31T14:19:17-08:00,0,16
style.css,182,css,99c2091a,Andy Huang,2025-01-31,14:19:17,-08:00,2025-01-31T14:19:17-08:00,0,12
style.css,183,css,99c2091a,Andy Huang,2025-01-31,14:19:17,-08:00,2025-01-31T14:19:17-08:00,0,13
style.css,184,css,99c2091a,Andy Huang,2025-01-31,14:19:17,-08:00,2025-01-31T14:19:17-08:00,0,59
style.css,185,css,99c2091a,Andy Huang,2025-01-31,14:19:17,-08:00,2025-01-31T14:19:17-08:00,0,18
style.css,186,css,99c2091a,Andy Huang,2025-01-31,14:19:17,-08:00,2025-01-31T14:19:17-08:00,0,9
style.css,187,css,99c2091a,Andy Huang,2025-01-31,14:19:17,-08:00,2025-01-31T14:19:17-08:00,0,0
style.css,188,css,99c2091a,Andy Huang,2025-01-31,14:19:17,-08:00,2025-01-31T14:19:17-08:00,0,0
style.css,189,css,99c2091a,Andy Huang,2025-01-31,14:19:17,-08:00,2025-01-31T14:19:17-08:00,0,29
style.css,190,css,b13c0b2f,Andy Huang,2025-01-31,15:27:01,-08:00,2025-01-31T15:27:01-08:00,0,12
style.css,191,css,99c2091a,Andy Huang,2025-01-31,14:19:17,-08:00,2025-01-31T14:19:17-08:00,0,17
style.css,192,css,b13c0b2f,Andy Huang,2025-01-31,15:27:01,-08:00,2025-01-31T15:27:01-08:00,0,11
style.css,193,css,99c2091a,Andy Huang,2025-01-31,14:19:17,-08:00,2025-01-31T14:19:17-08:00,0,0
style.css,194,css,99c2091a,Andy Huang,2025-01-31,14:19:17,-08:00,2025-01-31T14:19:17-08:00,0,0
style.css,195,css,99c2091a,Andy Huang,2025-01-31,14:19:17,-08:00,2025-01-31T14:19:17-08:00,0,30
style.css,196,css,b13c0b2f,Andy Huang,2025-01-31,15:27:01,-08:00,2025-01-31T15:27:01-08:00,0,12
style.css,197,css,b13c0b2f,Andy Huang,2025-01-31,15:27:01,-08:00,2025-01-31T15:27:01-08:00,0,11
style.css,198,css,99c2091a,Andy Huang,2025-01-31,14:19:17,-08:00,2025-01-31T14:19:17-08:00,0,9
style.css,199,css,99c2091a,Andy Huang,2025-01-31,14:19:17,-08:00,2025-01-31T14:19:17-08:00,0,16
style.css,200,css,99c2091a,Andy Huang,2025-01-31,14:19:17,-08:00,2025-01-31T14:19:17-08:00,0,0
style.css,201,css,21cb8250,Andy Huang,2025-01-31,15:01:10,-08:00,2025-01-31T15:01:10-08:00,0,0
style.css,202,css,1cab1874,Andy Huang,2025-01-31,15:16:51,-08:00,2025-01-31T15:16:51-08:00,0,7
style.css,203,css,1cab1874,Andy Huang,2025-01-31,15:16:51,-08:00,2025-01-31T15:16:51-08:00,0,24
style.css,204,css,b13c0b2f,Andy Huang,2025-01-31,15:27:01,-08:00,2025-01-31T15:27:01-08:00,0,11
style.css,205,css,1cab1874,Andy Huang,2025-01-31,15:16:51,-08:00,2025-01-31T15:16:51-08:00,0,26
style.css,206,css,1cab1874,Andy Huang,2025-01-31,15:16:51,-08:00,2025-01-31T15:16:51-08:00,0,0
style.css,207,css,1cab1874,Andy Huang,2025-01-31,15:16:51,-08:00,2025-01-31T15:16:51-08:00,0,0
style.css,208,css,21cb8250,Andy Huang,2025-01-31,15:01:10,-08:00,2025-01-31T15:01:10-08:00,0,15
style.css,209,css,21cb8250,Andy Huang,2025-01-31,15:01:10,-08:00,2025-01-31T15:01:10-08:00,0,12
style.css,210,css,21cb8250,Andy Huang,2025-01-31,15:01:10,-08:00,2025-01-31T15:01:10-08:00,0,13
style.css,211,css,21cb8250,Andy Huang,2025-01-31,15:01:10,-08:00,2025-01-31T15:01:10-08:00,0,0
style.css,212,css,c04b6149,Andy Huang,2025-02-08,23:48:24,-08:00,2025-02-08T23:48:24-08:00,0,0
style.css,213,css,c04b6149,Andy Huang,2025-02-08,23:48:24,-08:00,2025-02-08T23:48:24-08:00,0,17
style.css,214,css,c04b6149,Andy Huang,2025-02-08,23:48:24,-08:00,2025-02-08T23:48:24-08:00,0,13
style.css,215,css,c04b6149,Andy Huang,2025-02-08,23:48:24,-08:00,2025-02-08T23:48:24-08:00,0,22
style.css,216,css,c04b6149,Andy Huang,2025-02-08,23:48:24,-08:00,2025-02-08T23:48:24-08:00,0,8
style.css,217,css,c04b6149,Andy Huang,2025-02-08,23:48:24,-08:00,2025-02-08T23:48:24-08:00,0,0
style.css,218,css,c04b6149,Andy Huang,2025-02-08,23:48:24,-08:00,2025-02-08T23:48:24-08:00,0,0
style.css,219,css,c04b6149,Andy Huang,2025-02-08,23:48:24,-08:00,2025-02-08T23:48:24-08:00,0,14
style.css,220,css,c04b6149,Andy Huang,2025-02-08,23:48:24,-08:00,2025-02-08T23:48:24-08:00,0,15
style.css,221,css,c04b6149,Andy Huang,2025-02-08,23:48:24,-08:00,2025-02-08T23:48:24-08:00,0,11
style.css,222,css,c04b6149,Andy Huang,2025-02-08,23:48:24,-08:00,2025-02-08T23:48:24-08:00,0,18
style.css,223,css,c04b6149,Andy Huang,2025-02-08,23:48:24,-08:00,2025-02-08T23:48:24-08:00,0,0
style.css,224,css,c04b6149,Andy Huang,2025-02-08,23:48:24,-08:00,2025-02-08T23:48:24-08:00,0,0
style.css,225,css,c04b6149,Andy Huang,2025-02-08,23:48:24,-08:00,2025-02-08T23:48:24-08:00,0,19
style.css,226,css,c04b6149,Andy Huang,2025-02-08,23:48:24,-08:00,2025-02-08T23:48:24-08:00,0,15
style.css,227,css,c04b6149,Andy Huang,2025-02-08,23:48:24,-08:00,2025-02-08T23:48:24-08:00,0,17
style.css,228,css,c04b6149,Andy Huang,2025-02-08,23:48:24,-08:00,2025-02-08T23:48:24-08:00,0,17
style.css,229,css,c04b6149,Andy Huang,2025-02-08,23:48:24,-08:00,2025-02-08T23:48:24-08:00,0,0
style.css,230,css,c04b6149,Andy Huang,2025-02-08,23:48:24,-08:00,2025-02-08T23:48:24-08:00,0,0
style.css,231,css,c04b6149,Andy Huang,2025-02-08,23:48:24,-08:00,2025-02-08T23:48:24-08:00,0,36
style.css,232,css,c04b6149,Andy Huang,2025-02-08,23:48:24,-08:00,2025-02-08T23:48:24-08:00,0,6
style.css,233,css,c04b6149,Andy Huang,2025-02-08,23:48:24,-08:00,2025-02-08T23:48:24-08:00,0,42
style.css,234,css,c04b6149,Andy Huang,2025-02-08,23:48:24,-08:00,2025-02-08T23:48:24-08:00,0,48
style.css,235,css,c04b6149,Andy Huang,2025-02-08,23:48:24,-08:00,2025-02-08T23:48:24-08:00,0,48
style.css,236,css,c04b6149,Andy Huang,2025-02-08,23:48:24,-08:00,2025-02-08T23:48:24-08:00,0,48
style.css,237,css,c04b6149,Andy Huang,2025-02-08,23:48:24,-08:00,2025-02-08T23:48:24-08:00,0,22
style.css,238,css,c04b6149,Andy Huang,2025-02-08,23:48:24,-08:00,2025-02-08T23:48:24-08:00,0,19
style.css,239,css,c04b6149,Andy Huang,2025-02-08,23:48:24,-08:00,2025-02-08T23:48:24-08:00,0,0
style.css,240,css,c04b6149,Andy Huang,2025-02-08,23:48:24,-08:00,2025-02-08T23:48:24-08:00,0,0
style.css,241,css,c04b6149,Andy Huang,2025-02-08,23:48:24,-08:00,2025-02-08T23:48:24-08:00,0,0
style.css,242,css,c04b6149,Andy Huang,2025-02-08,23:48:24,-08:00,2025-02-08T23:48:24-08:00,0,0
style.css,243,css,c04b6149,Andy Huang,2025-02-08,23:48:24,-08:00,2025-02-08T23:48:24-08:00,0,31
style.css,244,css,c04b6149,Andy Huang,2025-02-08,23:48:24,-08:00,2025-02-08T23:48:24-08:00,0,8
style.css,245,css,c04b6149,Andy Huang,2025-02-08,23:48:24,-08:00,2025-02-08T23:48:24-08:00,0,13
style.css,246,css,c04b6149,Andy Huang,2025-02-08,23:48:24,-08:00,2025-02-08T23:48:24-08:00,0,58
style.css,247,css,c04b6149,Andy Huang,2025-02-08,23:48:24,-08:00,2025-02-08T23:48:24-08:00,0,54
style.css,248,css,c04b6149,Andy Huang,2025-02-08,23:48:24,-08:00,2025-02-08T23:48:24-08:00,0,13
style.css,249,css,c04b6149,Andy Huang,2025-02-08,23:48:24,-08:00,2025-02-08T23:48:24-08:00,0,46
style.css,250,css,c04b6149,Andy Huang,2025-02-08,23:48:24,-08:00,2025-02-08T23:48:24-08:00,0,59
style.css,251,css,c04b6149,Andy Huang,2025-02-08,23:48:24,-08:00,2025-02-08T23:48:24-08:00,0,65
style.css,252,css,c04b6149,Andy Huang,2025-02-08,23:48:24,-08:00,2025-02-08T23:48:24-08:00,0,76
style.css,253,css,c04b6149,Andy Huang,2025-02-08,23:48:24,-08:00,2025-02-08T23:48:24-08:00,0,18
style.css,254,css,c04b6149,Andy Huang,2025-02-08,23:48:24,-08:00,2025-02-08T23:48:24-08:00,0,0
style.css,255,css,c04b6149,Andy Huang,2025-02-08,23:48:24,-08:00,2025-02-08T23:48:24-08:00,0,0
style.css,256,css,c04b6149,Andy Huang,2025-02-08,23:48:24,-08:00,2025-02-08T23:48:24-08:00,0,34
style.css,257,css,c04b6149,Andy Huang,2025-02-08,23:48:24,-08:00,2025-02-08T23:48:24-08:00,0,13
style.css,258,css,c04b6149,Andy Huang,2025-02-08,23:48:24,-08:00,2025-02-08T23:48:24-08:00,0,13
style.css,259,css,c04b6149,Andy Huang,2025-02-08,23:48:24,-08:00,2025-02-08T23:48:24-08:00,0,19
style.css,260,css,c04b6149,Andy Huang,2025-02-08,23:48:24,-08:00,2025-02-08T23:48:24-08:00,0,55
style.css,261,css,c04b6149,Andy Huang,2025-02-08,23:48:24,-08:00,2025-02-08T23:48:24-08:00,0,15
style.css,262,css,c04b6149,Andy Huang,2025-02-08,23:48:24,-08:00,2025-02-08T23:48:24-08:00,0,19
style.css,263,css,c04b6149,Andy Huang,2025-02-08,23:48:24,-08:00,2025-02-08T23:48:24-08:00,0,14
style.css,264,css,c04b6149,Andy Huang,2025-02-08,23:48:24,-08:00,2025-02-08T23:48:24-08:00,0,0
style.css,265,css,c04b6149,Andy Huang,2025-02-08,23:48:24,-08:00,2025-02-08T23:48:24-08:00,0,0
style.css,266,css,c04b6149,Andy Huang,2025-02-08,23:48:24,-08:00,2025-02-08T23:48:24-08:00,0,53
style.css,267,css,c04b6149,Andy Huang,2025-02-08,23:48:24,-08:00,2025-02-08T23:48:24-08:00,0,8
style.css,268,css,c04b6149,Andy Huang,2025-02-08,23:48:24,-08:00,2025-02-08T23:48:24-08:00,0,11
style.css,269,css,c04b6149,Andy Huang,2025-02-08,23:48:24,-08:00,2025-02-08T23:48:24-08:00,0,12
style.css,270,css,c04b6149,Andy Huang,2025-02-08,23:48:24,-08:00,2025-02-08T23:48:24-08:00,0,47
style.css,271,css,c04b6149,Andy Huang,2025-02-08,23:48:24,-08:00,2025-02-08T23:48:24-08:00,0,30
style.css,272,css,c04b6149,Andy Huang,2025-02-08,23:48:24,-08:00,2025-02-08T23:48:24-08:00,0,49
style.css,273,css,c04b6149,Andy Huang,2025-02-08,23:48:24,-08:00,2025-02-08T23:48:24-08:00,0,21
style.css,274,css,c04b6149,Andy Huang,2025-02-08,23:48:24,-08:00,2025-02-08T23:48:24-08:00,0,45
style.css,275,css,c04b6149,Andy Huang,2025-02-08,23:48:24,-08:00,2025-02-08T23:48:24-08:00,0,37
style.css,276,css,c04b6149,Andy Huang,2025-02-08,23:48:24,-08:00,2025-02-08T23:48:24-08:00,0,0
style.css,277,css,c04b6149,Andy Huang,2025-02-08,23:48:24,-08:00,2025-02-08T23:48:24-08:00,0,0
style.css,278,css,c04b6149,Andy Huang,2025-02-08,23:48:24,-08:00,2025-02-08T23:48:24-08:00,0,11
style.css,279,css,c04b6149,Andy Huang,2025-02-08,23:48:24,-08:00,2025-02-08T23:48:24-08:00,0,13
style.css,280,css,c04b6149,Andy Huang,2025-02-08,23:48:24,-08:00,2025-02-08T23:48:24-08:00,0,19
style.css,281,css,c04b6149,Andy Huang,2025-02-08,23:48:24,-08:00,2025-02-08T23:48:24-08:00,0,7
style.css,282,css,c04b6149,Andy Huang,2025-02-08,23:48:24,-08:00,2025-02-08T23:48:24-08:00,0,0
style.css,283,css,c04b6149,Andy Huang,2025-02-08,23:48:24,-08:00,2025-02-08T23:48:24-08:00,0,0
style.css,284,css,18623d28,Andy Huang,2025-02-09,00:43:35,-08:00,2025-02-09T00:43:35-08:00,0,18
style.css,285,css,18623d28,Andy Huang,2025-02-09,00:43:35,-08:00,2025-02-09T00:43:35-08:00,0,17
style.css,286,css,18623d28,Andy Huang,2025-02-09,00:43:35,-08:00,2025-02-09T00:43:35-08:00,0,12
style.css,287,css,18623d28,Andy Huang,2025-02-09,00:43:35,-08:00,2025-02-09T00:43:35-08:00,0,0
style.css,288,css,18623d28,Andy Huang,2025-02-09,00:43:35,-08:00,2025-02-09T00:43:35-08:00,0,0
style.css,289,css,18623d28,Andy Huang,2025-02-09,00:43:35,-08:00,2025-02-09T00:43:35-08:00,0,0
style.css,290,css,c04b6149,Andy Huang,2025-02-08,23:48:24,-08:00,2025-02-08T23:48:24-08:00,0,37
style.css,291,css,c04b6149,Andy Huang,2025-02-08,23:48:24,-08:00,2025-02-08T23:48:24-08:00,0,12
style.css,292,css,c04b6149,Andy Huang,2025-02-08,23:48:24,-08:00,2025-02-08T23:48:24-08:00,0,0
style.css,293,css,c04b6149,Andy Huang,2025-02-08,23:48:24,-08:00,2025-02-08T23:48:24-08:00,0,0
style.css,294,css,c04b6149,Andy Huang,2025-02-08,23:48:24,-08:00,2025-02-08T23:48:24-08:00,0,39
style.css,295,css,c04b6149,Andy Huang,2025-02-08,23:48:24,-08:00,2025-02-08T23:48:24-08:00,0,5
style.css,296,css,c04b6149,Andy Huang,2025-02-08,23:48:24,-08:00,2025-02-08T23:48:24-08:00,0,17
style.css,297,css,c04b6149,Andy Huang,2025-02-08,23:48:24,-08:00,2025-02-08T23:48:24-08:00,0,56
style.css,298,css,c04b6149,Andy Huang,2025-02-08,23:48:24,-08:00,2025-02-08T23:48:24-08:00,0,0
style.css,299,css,c04b6149,Andy Huang,2025-02-08,23:48:24,-08:00,2025-02-08T23:48:24-08:00,0,0
style.css,300,css,c04b6149,Andy Huang,2025-02-08,23:48:24,-08:00,2025-02-08T23:48:24-08:00,0,10
style.css,301,css,c04b6149,Andy Huang,2025-02-08,23:48:24,-08:00,2025-02-08T23:48:24-08:00,0,36
style.css,302,css,18623d28,Andy Huang,2025-02-09,00:43:35,-08:00,2025-02-09T00:43:35-08:00,0,11
style.css,303,css,18623d28,Andy Huang,2025-02-09,00:43:35,-08:00,2025-02-09T00:43:35-08:00,0,18
style.css,304,css,18623d28,Andy Huang,2025-02-09,00:43:35,-08:00,2025-02-09T00:43:35-08:00,0,0
style.css,305,css,c04b6149,Andy Huang,2025-02-08,23:48:24,-08:00,2025-02-08T23:48:24-08:00,0,0
style.css,306,css,c04b6149,Andy Huang,2025-02-08,23:48:24,-08:00,2025-02-08T23:48:24-08:00,0,0
style.css,307,css,c04b6149,Andy Huang,2025-02-08,23:48:24,-08:00,2025-02-08T23:48:24-08:00,0,35
style.css,308,css,c04b6149,Andy Huang,2025-02-08,23:48:24,-08:00,2025-02-08T23:48:24-08:00,0,19
style.css,309,css,c04b6149,Andy Huang,2025-02-08,23:48:24,-08:00,2025-02-08T23:48:24-08:00,0,18
style.css,310,css,c04b6149,Andy Huang,2025-02-08,23:48:24,-08:00,2025-02-08T23:48:24-08:00,0,0
style.css,311,css,c04b6149,Andy Huang,2025-02-08,23:48:24,-08:00,2025-02-08T23:48:24-08:00,0,0
style.css,312,css,c04b6149,Andy Huang,2025-02-08,23:48:24,-08:00,2025-02-08T23:48:24-08:00,0,17
style.css,313,css,c04b6149,Andy Huang,2025-02-08,23:48:24,-08:00,2025-02-08T23:48:24-08:00,0,30
style.css,314,css,c04b6149,Andy Huang,2025-02-08,23:48:24,-08:00,2025-02-08T23:48:24-08:00,0,12
style.css,315,css,c04b6149,Andy Huang,2025-02-08,23:48:24,-08:00,2025-02-08T23:48:24-08:00,0,17
style.css,316,css,8b92c60c,Andy Huang,2025-02-09,01:08:15,-08:00,2025-02-09T01:08:15-08:00,0,0
style.css,317,css,8b92c60c,Andy Huang,2025-02-09,01:08:15,-08:00,2025-02-09T01:08:15-08:00,0,0
style.css,318,css,8b92c60c,Andy Huang,2025-02-09,01:08:15,-08:00,2025-02-09T01:08:15-08:00,0,19
style.css,319,css,8b92c60c,Andy Huang,2025-02-09,01:08:15,-08:00,2025-02-09T01:08:15-08:00,0,10
style.css,320,css,8b92c60c,Andy Huang,2025-02-09,01:08:15,-08:00,2025-02-09T01:08:15-08:00,0,17
style.css,321,css,8b92c60c,Andy Huang,2025-02-09,01:08:15,-08:00,2025-02-09T01:08:15-08:00,0,0
style.css,322,css,8b92c60c,Andy Huang,2025-02-09,01:08:15,-08:00,2025-02-09T01:08:15-08:00,0,0
style.css,323,css,8b92c60c,Andy Huang,2025-02-09,01:08:15,-08:00,2025-02-09T01:08:15-08:00,0,39
style.css,324,css,8b92c60c,Andy Huang,2025-02-09,01:08:15,-08:00,2025-02-09T01:08:15-08:00,0,12
style.css,325,css,c04b6149,Andy Huang,2025-02-08,23:48:24,-08:00,2025-02-08T23:48:24-08:00,0,0
index.js,1,js,99c2091a,Andy Huang,2025-01-31,14:19:17,-08:00,2025-01-31T14:19:17-08:00,0,72
index.js,2,js,99c2091a,Andy Huang,2025-01-31,14:19:17,-08:00,2025-01-31T14:19:17-08:00,0,55
index.js,3,js,99c2091a,Andy Huang,2025-01-31,14:19:17,-08:00,2025-01-31T14:19:17-08:00,0,43
index.js,4,js,99c2091a,Andy Huang,2025-01-31,14:19:17,-08:00,2025-01-31T14:19:17-08:00,0,61
index.js,5,js,99c2091a,Andy Huang,2025-01-31,14:19:17,-08:00,2025-01-31T14:19:17-08:00,0,55
index.js,6,js,99c2091a,Andy Huang,2025-01-31,14:19:17,-08:00,2025-01-31T14:19:17-08:00,0,51
index.js,7,js,99c2091a,Andy Huang,2025-01-31,14:19:17,-08:00,2025-01-31T14:19:17-08:00,0,61
index.js,8,js,99c2091a,Andy Huang,2025-01-31,14:19:17,-08:00,2025-01-31T14:19:17-08:00,0,32
index.js,9,js,99c2091a,Andy Huang,2025-01-31,14:19:17,-08:00,2025-01-31T14:19:17-08:00,0,36
index.js,10,js,68a5461d,Andy Huang,2025-01-31,15:01:43,-08:00,2025-01-31T15:01:43-08:00,0,0
index.js,11,js,99c2091a,Andy Huang,2025-01-31,14:19:17,-08:00,2025-01-31T14:19:17-08:00,0,25
index.js,12,js,b13c0b2f,Andy Huang,2025-01-31,15:27:01,-08:00,2025-01-31T15:27:01-08:00,0,22
index.js,13,js,1cab1874,Andy Huang,2025-01-31,15:16:51,-08:00,2025-01-31T15:16:51-08:00,0,34
index.js,14,js,b13c0b2f,Andy Huang,2025-01-31,15:27:01,-08:00,2025-01-31T15:27:01-08:00,0,94
index.js,15,js,b13c0b2f,Andy Huang,2025-01-31,15:27:01,-08:00,2025-01-31T15:27:01-08:00,0,94
index.js,16,js,b13c0b2f,Andy Huang,2025-01-31,15:27:01,-08:00,2025-01-31T15:27:01-08:00,0,88
index.js,17,js,b13c0b2f,Andy Huang,2025-01-31,15:27:01,-08:00,2025-01-31T15:27:01-08:00,0,88
index.js,18,js,99c2091a,Andy Huang,2025-01-31,14:19:17,-08:00,2025-01-31T14:19:17-08:00,0,4
index.js,19,js,99c2091a,Andy Huang,2025-01-31,14:19:17,-08:00,2025-01-31T14:19:17-08:00,0,1
index.js,20,js,68a5461d,Andy Huang,2025-01-31,15:01:43,-08:00,2025-01-31T15:01:43-08:00,0,0
index.js,21,js,c04b6149,Andy Huang,2025-02-08,23:48:24,-08:00,2025-02-08T23:48:24-08:00,0,0
index.js,22,js,c04b6149,Andy Huang,2025-02-08,23:48:24,-08:00,2025-02-08T23:48:24-08:00,0,0
index.html,1,html,b4fe89c7,Andy Huang,2025-01-29,00:19:13,-08:00,2025-01-29T00:19:13-08:00,0,28
index.html,2,html,4bb4d3b8,Andy Huang,2025-01-17,13:47:10,-08:00,2025-01-17T13:47:10-08:00,0,5
index.html,3,html,622840e3,Andy Huang,2025-01-10,13:02:03,-08:00,2025-01-10T13:02:03-08:00,0,21
index.html,4,html,622840e3,Andy Huang,2025-01-10,13:02:03,-08:00,2025-01-10T13:02:03-08:00,0,69
index.html,5,html,622840e3,Andy Huang,2025-01-10,13:02:03,-08:00,2025-01-10T13:02:03-08:00,0,55
index.html,6,html,0906d4d4,Andy Huang,2025-01-24,22:10:33,-08:00,2025-01-24T22:10:33-08:00,0,39
index.html,7,html,4bb4d3b8,Andy Huang,2025-01-17,13:47:10,-08:00,2025-01-17T13:47:10-08:00,0,50
index.html,8,html,4bb4d3b8,Andy Huang,2025-01-17,13:47:10,-08:00,2025-01-17T13:47:10-08:00,0,6
index.html,9,html,3008ae59,Andy Huang,2025-01-10,14:02:30,-08:00,2025-01-10T14:02:30-08:00,0,5
index.html,10,html,0906d4d4,Andy Huang,2025-01-24,22:10:33,-08:00,2025-01-24T22:10:33-08:00,0,46
index.html,11,html,99c2091a,Andy Huang,2025-01-31,14:19:17,-08:00,2025-01-31T14:19:17-08:00,0,51
index.html,12,html,3008ae59,Andy Huang,2025-01-10,14:02:30,-08:00,2025-01-10T14:02:30-08:00,0,18
index.html,13,html,68d19fd5,Andy Huang,2025-01-10,22:34:44,-08:00,2025-01-10T22:34:44-08:00,0,69
index.html,14,html,27183f26,Andy Huang,2025-01-10,23:09:33,-08:00,2025-01-10T23:09:33-08:00,0,64
index.html,15,html,99c2091a,Andy Huang,2025-01-31,14:19:17,-08:00,2025-01-31T14:19:17-08:00,0,23
index.html,16,html,3008ae59,Andy Huang,2025-01-10,14:02:30,-08:00,2025-01-10T14:02:30-08:00,0,6
index.html,17,html,99c2091a,Andy Huang,2025-01-31,14:19:17,-08:00,2025-01-31T14:19:17-08:00,0,21
index.html,18,html,99c2091a,Andy Huang,2025-01-31,14:19:17,-08:00,2025-01-31T14:19:17-08:00,0,50
index.html,19,html,99c2091a,Andy Huang,2025-01-31,14:19:17,-08:00,2025-01-31T14:19:17-08:00,0,5
index.html,20,html,99c2091a,Andy Huang,2025-01-31,14:19:17,-08:00,2025-01-31T14:19:17-08:00,0,40
index.html,21,html,99c2091a,Andy Huang,2025-01-31,14:19:17,-08:00,2025-01-31T14:19:17-08:00,0,21
index.html,22,html,99c2091a,Andy Huang,2025-01-31,14:19:17,-08:00,2025-01-31T14:19:17-08:00,0,22
index.html,23,html,99c2091a,Andy Huang,2025-01-31,14:19:17,-08:00,2025-01-31T14:19:17-08:00,0,4
index.html,24,html,99c2091a,Andy Huang,2025-01-31,14:19:17,-08:00,2025-01-31T14:19:17-08:00,0,5
index.html,25,html,622840e3,Andy Huang,2025-01-10,13:02:03,-08:00,2025-01-10T13:02:03-08:00,0,6
global.js,1,js,9b471e3a,Andy Huang,2025-01-24,19:17:34,-08:00,2025-01-24T19:17:34-08:00,0,26
global.js,2,js,9b471e3a,Andy Huang,2025-01-24,19:17:34,-08:00,2025-01-24T19:17:34-08:00,0,0
global.js,3,js,9b471e3a,Andy Huang,2025-01-24,19:17:34,-08:00,2025-01-24T19:17:34-08:00,0,42
global.js,4,js,9b471e3a,Andy Huang,2025-01-24,19:17:34,-08:00,2025-01-24T19:17:34-08:00,0,53
global.js,5,js,9b471e3a,Andy Huang,2025-01-24,19:17:34,-08:00,2025-01-24T19:17:34-08:00,0,0
global.js,6,js,40047544,Andy Huang,2025-01-24,19:48:43,-08:00,2025-01-24T19:48:43-08:00,0,0
global.js,7,js,f4b2611c,Andy Huang,2025-01-24,19:53:19,-08:00,2025-01-24T19:53:19-08:00,0,26
global.js,8,js,6d6cef86,Andy Huang,2025-01-24,19:42:59,-08:00,2025-01-24T19:42:59-08:00,0,31
global.js,9,js,6d6cef86,Andy Huang,2025-01-24,19:42:59,-08:00,2025-01-24T19:42:59-08:00,0,66
global.js,10,js,6d6cef86,Andy Huang,2025-01-24,19:42:59,-08:00,2025-01-24T19:42:59-08:00,0,1
global.js,11,js,6d6cef86,Andy Huang,2025-01-24,19:42:59,-08:00,2025-01-24T19:42:59-08:00,0,0
global.js,12,js,6d6cef86,Andy Huang,2025-01-24,19:42:59,-08:00,2025-01-24T19:42:59-08:00,0,17
global.js,13,js,6d6cef86,Andy Huang,2025-01-24,19:42:59,-08:00,2025-01-24T19:42:59-08:00,0,35
global.js,14,js,6d6cef86,Andy Huang,2025-01-24,19:42:59,-08:00,2025-01-24T19:42:59-08:00,0,36
global.js,15,js,6d6cef86,Andy Huang,2025-01-24,19:42:59,-08:00,2025-01-24T19:42:59-08:00,0,0
global.js,16,js,6d6cef86,Andy Huang,2025-01-24,19:42:59,-08:00,2025-01-24T19:42:59-08:00,0,0
global.js,17,js,2779b807,Andy Huang,2025-01-24,21:38:18,-08:00,2025-01-24T21:38:18-08:00,0,12
global.js,18,js,6108df8d,Andy Huang,2025-01-29,00:24:27,-08:00,2025-01-29T00:24:27-08:00,0,26
global.js,19,js,234e753f,Andy Huang,2025-01-29,00:15:08,-08:00,2025-01-29T00:15:08-08:00,0,41
global.js,20,js,234e753f,Andy Huang,2025-01-29,00:15:08,-08:00,2025-01-29T00:15:08-08:00,0,49
global.js,21,js,234e753f,Andy Huang,2025-01-29,00:15:08,-08:00,2025-01-29T00:15:08-08:00,0,47
global.js,22,js,00783644,Andy Huang,2025-02-14,20:28:49,-08:00,2025-02-14T20:28:49-08:00,0,39
global.js,23,js,5107f73f,Andy Huang,2025-01-31,14:32:03,-08:00,2025-01-31T14:32:03-08:00,0,64
global.js,24,js,6d6cef86,Andy Huang,2025-01-24,19:42:59,-08:00,2025-01-24T19:42:59-08:00,0,1
global.js,25,js,a7304323,Andy Huang,2025-01-29,00:09:14,-08:00,2025-01-29T00:09:14-08:00,0,0
global.js,26,js,d1b56821,Andy Huang,2025-01-28,23:48:37,-08:00,2025-01-28T23:48:37-08:00,0,71
global.js,27,js,d1b56821,Andy Huang,2025-01-28,23:48:37,-08:00,2025-01-28T23:48:37-08:00,0,0
global.js,28,js,d1b56821,Andy Huang,2025-01-28,23:48:37,-08:00,2025-01-28T23:48:37-08:00,0,63
global.js,29,js,d1b56821,Andy Huang,2025-01-28,23:48:37,-08:00,2025-01-28T23:48:37-08:00,0,39
global.js,30,js,d1b56821,Andy Huang,2025-01-28,23:48:37,-08:00,2025-01-28T23:48:37-08:00,0,26
global.js,31,js,d1b56821,Andy Huang,2025-01-28,23:48:37,-08:00,2025-01-28T23:48:37-08:00,0,0
global.js,32,js,d1b56821,Andy Huang,2025-01-28,23:48:37,-08:00,2025-01-28T23:48:37-08:00,0,66
global.js,33,js,d1b56821,Andy Huang,2025-01-28,23:48:37,-08:00,2025-01-28T23:48:37-08:00,0,21
global.js,34,js,2e640731,Andy Huang,2025-01-29,00:23:16,-08:00,2025-01-29T00:23:16-08:00,0,15
global.js,35,js,d1b56821,Andy Huang,2025-01-28,23:48:37,-08:00,2025-01-28T23:48:37-08:00,0,19
global.js,36,js,a7304323,Andy Huang,2025-01-29,00:09:14,-08:00,2025-01-29T00:09:14-08:00,0,0
global.js,37,js,d1b56821,Andy Huang,2025-01-28,23:48:37,-08:00,2025-01-28T23:48:37-08:00,0,66
global.js,38,js,5107f73f,Andy Huang,2025-01-31,14:32:03,-08:00,2025-01-31T14:32:03-08:00,0,65
global.js,39,js,b4fe89c7,Andy Huang,2025-01-29,00:19:13,-08:00,2025-01-29T00:19:13-08:00,0,0
global.js,40,js,813df808,Andy Huang,2025-01-28,23:51:48,-08:00,2025-01-28T23:51:48-08:00,0,23
global.js,41,js,813df808,Andy Huang,2025-01-28,23:51:48,-08:00,2025-01-28T23:51:48-08:00,0,35
global.js,42,js,813df808,Andy Huang,2025-01-28,23:51:48,-08:00,2025-01-28T23:51:48-08:00,0,12
global.js,43,js,813df808,Andy Huang,2025-01-28,23:51:48,-08:00,2025-01-28T23:51:48-08:00,0,21
global.js,44,js,813df808,Andy Huang,2025-01-28,23:51:48,-08:00,2025-01-28T23:51:48-08:00,0,0
global.js,45,js,813df808,Andy Huang,2025-01-28,23:51:48,-08:00,2025-01-28T23:51:48-08:00,0,28
global.js,46,js,813df808,Andy Huang,2025-01-28,23:51:48,-08:00,2025-01-28T23:51:48-08:00,0,18
global.js,47,js,813df808,Andy Huang,2025-01-28,23:51:48,-08:00,2025-01-28T23:51:48-08:00,0,9
global.js,48,js,813df808,Andy Huang,2025-01-28,23:51:48,-08:00,2025-01-28T23:51:48-08:00,0,59
global.js,49,js,813df808,Andy Huang,2025-01-28,23:51:48,-08:00,2025-01-28T23:51:48-08:00,0,1
global.js,50,js,813df808,Andy Huang,2025-01-28,23:51:48,-08:00,2025-01-28T23:51:48-08:00,0,0
global.js,51,js,813df808,Andy Huang,2025-01-28,23:51:48,-08:00,2025-01-28T23:51:48-08:00,0,34
global.js,52,js,813df808,Andy Huang,2025-01-28,23:51:48,-08:00,2025-01-28T23:51:48-08:00,0,30
global.js,53,js,813df808,Andy Huang,2025-01-28,23:51:48,-08:00,2025-01-28T23:51:48-08:00,0,19
global.js,54,js,813df808,Andy Huang,2025-01-28,23:51:48,-08:00,2025-01-28T23:51:48-08:00,0,0
global.js,55,js,813df808,Andy Huang,2025-01-28,23:51:48,-08:00,2025-01-28T23:51:48-08:00,0,0
global.js,56,js,813df808,Andy Huang,2025-01-28,23:51:48,-08:00,2025-01-28T23:51:48-08:00,0,40
global.js,57,js,813df808,Andy Huang,2025-01-28,23:51:48,-08:00,2025-01-28T23:51:48-08:00,0,13
global.js,58,js,d1b56821,Andy Huang,2025-01-28,23:48:37,-08:00,2025-01-28T23:48:37-08:00,0,0
global.js,59,js,43da75d5,Andy Huang,2025-01-24,20:47:14,-08:00,2025-01-24T20:47:14-08:00,0,0
global.js,60,js,2779b807,Andy Huang,2025-01-24,21:38:18,-08:00,2025-01-24T21:38:18-08:00,0,0
global.js,61,js,b9eb26cd,Andy Huang,2025-01-24,22:17:06,-08:00,2025-01-24T22:17:06-08:00,0,0
global.js,62,js,43da75d5,Andy Huang,2025-01-24,20:47:14,-08:00,2025-01-24T20:47:14-08:00,0,32
global.js,63,js,43da75d5,Andy Huang,2025-01-24,20:47:14,-08:00,2025-01-24T20:47:14-08:00,0,12
global.js,64,js,43da75d5,Andy Huang,2025-01-24,20:47:14,-08:00,2025-01-24T20:47:14-08:00,0,0
global.js,65,js,43da75d5,Andy Huang,2025-01-24,20:47:14,-08:00,2025-01-24T20:47:14-08:00,0,27
global.js,66,js,43da75d5,Andy Huang,2025-01-24,20:47:14,-08:00,2025-01-24T20:47:14-08:00,0,5
global.js,67,js,43da75d5,Andy Huang,2025-01-24,20:47:14,-08:00,2025-01-24T20:47:14-08:00,0,7
global.js,68,js,43da75d5,Andy Huang,2025-01-24,20:47:14,-08:00,2025-01-24T20:47:14-08:00,0,44
global.js,69,js,43da75d5,Andy Huang,2025-01-24,20:47:14,-08:00,2025-01-24T20:47:14-08:00,3,35
global.js,70,js,43da75d5,Andy Huang,2025-01-24,20:47:14,-08:00,2025-01-24T20:47:14-08:00,3,33
global.js,71,js,43da75d5,Andy Huang,2025-01-24,20:47:14,-08:00,2025-01-24T20:47:14-08:00,0,8
global.js,72,js,43da75d5,Andy Huang,2025-01-24,20:47:14,-08:00,2025-01-24T20:47:14-08:00,0,8
global.js,73,js,c95439df,Andy Huang,2025-01-24,21:02:47,-08:00,2025-01-24T21:02:47-08:00,0,1
global.js,74,js,0d3eed71,Andy Huang,2025-01-24,21:23:08,-08:00,2025-01-24T21:23:08-08:00,0,0
global.js,75,js,db32105f,Andy Huang,2025-01-24,21:08:34,-08:00,2025-01-24T21:08:34-08:00,0,52
global.js,76,js,db32105f,Andy Huang,2025-01-24,21:08:34,-08:00,2025-01-24T21:08:34-08:00,0,32
global.js,77,js,0d3eed71,Andy Huang,2025-01-24,21:23:08,-08:00,2025-01-24T21:23:08-08:00,0,47
global.js,78,js,db32105f,Andy Huang,2025-01-24,21:08:34,-08:00,2025-01-24T21:08:34-08:00,0,0
global.js,79,js,db32105f,Andy Huang,2025-01-24,21:08:34,-08:00,2025-01-24T21:08:34-08:00,0,46
global.js,80,js,db32105f,Andy Huang,2025-01-24,21:08:34,-08:00,2025-01-24T21:08:34-08:00,0,35
global.js,81,js,db32105f,Andy Huang,2025-01-24,21:08:34,-08:00,2025-01-24T21:08:34-08:00,0,44
global.js,82,js,db32105f,Andy Huang,2025-01-24,21:08:34,-08:00,2025-01-24T21:08:34-08:00,0,0
global.js,83,js,db32105f,Andy Huang,2025-01-24,21:08:34,-08:00,2025-01-24T21:08:34-08:00,0,28
global.js,84,js,db32105f,Andy Huang,2025-01-24,21:08:34,-08:00,2025-01-24T21:08:34-08:00,0,71
global.js,85,js,db32105f,Andy Huang,2025-01-24,21:08:34,-08:00,2025-01-24T21:08:34-08:00,0,0
global.js,86,js,db32105f,Andy Huang,2025-01-24,21:08:34,-08:00,2025-01-24T21:08:34-08:00,0,38
global.js,87,js,db32105f,Andy Huang,2025-01-24,21:08:34,-08:00,2025-01-24T21:08:34-08:00,0,26
global.js,88,js,db32105f,Andy Huang,2025-01-24,21:08:34,-08:00,2025-01-24T21:08:34-08:00,0,0
global.js,89,js,db32105f,Andy Huang,2025-01-24,21:08:34,-08:00,2025-01-24T21:08:34-08:00,0,0
global.js,90,js,db32105f,Andy Huang,2025-01-24,21:08:34,-08:00,2025-01-24T21:08:34-08:00,0,47
global.js,91,js,db32105f,Andy Huang,2025-01-24,21:08:34,-08:00,2025-01-24T21:08:34-08:00,0,50
global.js,92,js,db32105f,Andy Huang,2025-01-24,21:08:34,-08:00,2025-01-24T21:08:34-08:00,0,36
global.js,93,js,db32105f,Andy Huang,2025-01-24,21:08:34,-08:00,2025-01-24T21:08:34-08:00,0,0
global.js,94,js,db32105f,Andy Huang,2025-01-24,21:08:34,-08:00,2025-01-24T21:08:34-08:00,0,24
global.js,95,js,db32105f,Andy Huang,2025-01-24,21:08:34,-08:00,2025-01-24T21:08:34-08:00,0,69
global.js,96,js,db32105f,Andy Huang,2025-01-24,21:08:34,-08:00,2025-01-24T21:08:34-08:00,0,0
global.js,97,js,db32105f,Andy Huang,2025-01-24,21:08:34,-08:00,2025-01-24T21:08:34-08:00,0,26
global.js,98,js,db32105f,Andy Huang,2025-01-24,21:08:34,-08:00,2025-01-24T21:08:34-08:00,0,36
global.js,99,js,db32105f,Andy Huang,2025-01-24,21:08:34,-08:00,2025-01-24T21:08:34-08:00,0,2
global.js,100,js,db32105f,Andy Huang,2025-01-24,21:08:34,-08:00,2025-01-24T21:08:34-08:00,0,2
global.js,101,js,db32105f,Andy Huang,2025-01-24,21:08:34,-08:00,2025-01-24T21:08:34-08:00,0,0
global.js,102,js,dc8282b6,Andy Huang,2025-01-24,21:42:31,-08:00,2025-01-24T21:42:31-08:00,0,52
global.js,103,js,dc8282b6,Andy Huang,2025-01-24,21:42:31,-08:00,2025-01-24T21:42:31-08:00,0,29
global.js,104,js,dc8282b6,Andy Huang,2025-01-24,21:42:31,-08:00,2025-01-24T21:42:31-08:00,0,52
global.js,105,js,dc8282b6,Andy Huang,2025-01-24,21:42:31,-08:00,2025-01-24T21:42:31-08:00,0,0
global.js,106,js,dc8282b6,Andy Huang,2025-01-24,21:42:31,-08:00,2025-01-24T21:42:31-08:00,0,51
global.js,107,js,dc8282b6,Andy Huang,2025-01-24,21:42:31,-08:00,2025-01-24T21:42:31-08:00,0,44
global.js,108,js,dc8282b6,Andy Huang,2025-01-24,21:42:31,-08:00,2025-01-24T21:42:31-08:00,0,65
global.js,109,js,dc8282b6,Andy Huang,2025-01-24,21:42:31,-08:00,2025-01-24T21:42:31-08:00,0,0
global.js,110,js,dc8282b6,Andy Huang,2025-01-24,21:42:31,-08:00,2025-01-24T21:42:31-08:00,0,40
global.js,111,js,dc8282b6,Andy Huang,2025-01-24,21:42:31,-08:00,2025-01-24T21:42:31-08:00,0,31
global.js,112,js,dc8282b6,Andy Huang,2025-01-24,21:42:31,-08:00,2025-01-24T21:42:31-08:00,0,0
global.js,113,js,dc8282b6,Andy Huang,2025-01-24,21:42:31,-08:00,2025-01-24T21:42:31-08:00,0,23
global.js,114,js,dc8282b6,Andy Huang,2025-01-24,21:42:31,-08:00,2025-01-24T21:42:31-08:00,0,27
global.js,115,js,dc8282b6,Andy Huang,2025-01-24,21:42:31,-08:00,2025-01-24T21:42:31-08:00,0,32
global.js,116,js,dc8282b6,Andy Huang,2025-01-24,21:42:31,-08:00,2025-01-24T21:42:31-08:00,0,66
global.js,117,js,dc8282b6,Andy Huang,2025-01-24,21:42:31,-08:00,2025-01-24T21:42:31-08:00,0,0
global.js,118,js,dc8282b6,Andy Huang,2025-01-24,21:42:31,-08:00,2025-01-24T21:42:31-08:00,0,0
global.js,119,js,dc8282b6,Andy Huang,2025-01-24,21:42:31,-08:00,2025-01-24T21:42:31-08:00,0,25
global.js,120,js,dc8282b6,Andy Huang,2025-01-24,21:42:31,-08:00,2025-01-24T21:42:31-08:00,0,22
global.js,121,js,dc8282b6,Andy Huang,2025-01-24,21:42:31,-08:00,2025-01-24T21:42:31-08:00,0,0
global.js,122,js,dc8282b6,Andy Huang,2025-01-24,21:42:31,-08:00,2025-01-24T21:42:31-08:00,0,22
global.js,123,js,dc8282b6,Andy Huang,2025-01-24,21:42:31,-08:00,2025-01-24T21:42:31-08:00,0,19
global.js,124,js,dc8282b6,Andy Huang,2025-01-24,21:42:31,-08:00,2025-01-24T21:42:31-08:00,0,2
global.js,125,js,dc8282b6,Andy Huang,2025-01-24,21:42:31,-08:00,2025-01-24T21:42:31-08:00,0,2
global.js,126,js,99c2091a,Andy Huang,2025-01-31,14:19:17,-08:00,2025-01-31T14:19:17-08:00,0,0
global.js,127,js,99c2091a,Andy Huang,2025-01-31,14:19:17,-08:00,2025-01-31T14:19:17-08:00,0,37
global.js,128,js,99c2091a,Andy Huang,2025-01-31,14:19:17,-08:00,2025-01-31T14:19:17-08:00,0,4
global.js,129,js,99c2091a,Andy Huang,2025-01-31,14:19:17,-08:00,2025-01-31T14:19:17-08:00,0,40
global.js,130,js,99c2091a,Andy Huang,2025-01-31,14:19:17,-08:00,2025-01-31T14:19:17-08:00,0,33
global.js,131,js,99c2091a,Andy Huang,2025-01-31,14:19:17,-08:00,2025-01-31T14:19:17-08:00,0,18
global.js,132,js,99c2091a,Andy Huang,2025-01-31,14:19:17,-08:00,2025-01-31T14:19:17-08:00,0,67
global.js,133,js,99c2091a,Andy Huang,2025-01-31,14:19:17,-08:00,2025-01-31T14:19:17-08:00,0,0
global.js,134,js,99c2091a,Andy Huang,2025-01-31,14:19:17,-08:00,2025-01-31T14:19:17-08:00,0,34
global.js,135,js,99c2091a,Andy Huang,2025-01-31,14:19:17,-08:00,2025-01-31T14:19:17-08:00,0,11
global.js,136,js,99c2091a,Andy Huang,2025-01-31,14:19:17,-08:00,2025-01-31T14:19:17-08:00,0,16
global.js,137,js,99c2091a,Andy Huang,2025-01-31,14:19:17,-08:00,2025-01-31T14:19:17-08:00,0,60
global.js,138,js,99c2091a,Andy Huang,2025-01-31,14:19:17,-08:00,2025-01-31T14:19:17-08:00,0,0
global.js,139,js,99c2091a,Andy Huang,2025-01-31,14:19:17,-08:00,2025-01-31T14:19:17-08:00,0,0
global.js,140,js,99c2091a,Andy Huang,2025-01-31,14:19:17,-08:00,2025-01-31T14:19:17-08:00,0,0
global.js,141,js,c04b6149,Andy Huang,2025-02-08,23:48:24,-08:00,2025-02-08T23:48:24-08:00,0,79
global.js,142,js,c04b6149,Andy Huang,2025-02-08,23:48:24,-08:00,2025-02-08T23:48:24-08:00,0,39
global.js,143,js,99c2091a,Andy Huang,2025-01-31,14:19:17,-08:00,2025-01-31T14:19:17-08:00,0,48
global.js,144,js,c04b6149,Andy Huang,2025-02-08,23:48:24,-08:00,2025-02-08T23:48:24-08:00,0,52
global.js,145,js,c04b6149,Andy Huang,2025-02-08,23:48:24,-08:00,2025-02-08T23:48:24-08:00,0,6
global.js,146,js,c04b6149,Andy Huang,2025-02-08,23:48:24,-08:00,2025-02-08T23:48:24-08:00,0,0
global.js,147,js,99c2091a,Andy Huang,2025-01-31,14:19:17,-08:00,2025-01-31T14:19:17-08:00,0,0
global.js,148,js,c04b6149,Andy Huang,2025-02-08,23:48:24,-08:00,2025-02-08T23:48:24-08:00,0,23
global.js,149,js,99c2091a,Andy Huang,2025-01-31,14:19:17,-08:00,2025-01-31T14:19:17-08:00,0,36
global.js,150,js,c04b6149,Andy Huang,2025-02-08,23:48:24,-08:00,2025-02-08T23:48:24-08:00,0,65
global.js,151,js,c04b6149,Andy Huang,2025-02-08,23:48:24,-08:00,2025-02-08T23:48:24-08:00,0,19
global.js,152,js,c04b6149,Andy Huang,2025-02-08,23:48:24,-08:00,2025-02-08T23:48:24-08:00,0,0
global.js,153,js,c04b6149,Andy Huang,2025-02-08,23:48:24,-08:00,2025-02-08T23:48:24-08:00,0,0
global.js,154,js,c04b6149,Andy Huang,2025-02-08,23:48:24,-08:00,2025-02-08T23:48:24-08:00,0,38
global.js,155,js,99c2091a,Andy Huang,2025-01-31,14:19:17,-08:00,2025-01-31T14:19:17-08:00,0,31
global.js,156,js,99c2091a,Andy Huang,2025-01-31,14:19:17,-08:00,2025-01-31T14:19:17-08:00,0,0
global.js,157,js,c04b6149,Andy Huang,2025-02-08,23:48:24,-08:00,2025-02-08T23:48:24-08:00,0,33
global.js,158,js,99c2091a,Andy Huang,2025-01-31,14:19:17,-08:00,2025-01-31T14:19:17-08:00,0,53
global.js,159,js,c04b6149,Andy Huang,2025-02-08,23:48:24,-08:00,2025-02-08T23:48:24-08:00,0,47
global.js,160,js,99c2091a,Andy Huang,2025-01-31,14:19:17,-08:00,2025-01-31T14:19:17-08:00,0,6
global.js,161,js,99c2091a,Andy Huang,2025-01-31,14:19:17,-08:00,2025-01-31T14:19:17-08:00,0,0
global.js,162,js,99c2091a,Andy Huang,2025-01-31,14:19:17,-08:00,2025-01-31T14:19:17-08:00,0,0
global.js,163,js,c04b6149,Andy Huang,2025-02-08,23:48:24,-08:00,2025-02-08T23:48:24-08:00,0,23
global.js,164,js,c04b6149,Andy Huang,2025-02-08,23:48:24,-08:00,2025-02-08T23:48:24-08:00,0,45
global.js,165,js,c04b6149,Andy Huang,2025-02-08,23:48:24,-08:00,2025-02-08T23:48:24-08:00,0,44
global.js,166,js,c04b6149,Andy Huang,2025-02-08,23:48:24,-08:00,2025-02-08T23:48:24-08:00,0,6
global.js,167,js,c04b6149,Andy Huang,2025-02-08,23:48:24,-08:00,2025-02-08T23:48:24-08:00,0,0
global.js,168,js,c04b6149,Andy Huang,2025-02-08,23:48:24,-08:00,2025-02-08T23:48:24-08:00,0,0
global.js,169,js,c04b6149,Andy Huang,2025-02-08,23:48:24,-08:00,2025-02-08T23:48:24-08:00,0,24
global.js,170,js,c04b6149,Andy Huang,2025-02-08,23:48:24,-08:00,2025-02-08T23:48:24-08:00,0,49
global.js,171,js,c04b6149,Andy Huang,2025-02-08,23:48:24,-08:00,2025-02-08T23:48:24-08:00,0,0
global.js,172,js,c04b6149,Andy Huang,2025-02-08,23:48:24,-08:00,2025-02-08T23:48:24-08:00,0,50
global.js,173,js,c04b6149,Andy Huang,2025-02-08,23:48:24,-08:00,2025-02-08T23:48:24-08:00,0,18
global.js,174,js,c04b6149,Andy Huang,2025-02-08,23:48:24,-08:00,2025-02-08T23:48:24-08:00,0,44
global.js,175,js,c04b6149,Andy Huang,2025-02-08,23:48:24,-08:00,2025-02-08T23:48:24-08:00,0,82
global.js,176,js,c04b6149,Andy Huang,2025-02-08,23:48:24,-08:00,2025-02-08T23:48:24-08:00,0,53
global.js,177,js,c04b6149,Andy Huang,2025-02-08,23:48:24,-08:00,2025-02-08T23:48:24-08:00,0,28
global.js,178,js,c04b6149,Andy Huang,2025-02-08,23:48:24,-08:00,2025-02-08T23:48:24-08:00,0,22
global.js,179,js,c04b6149,Andy Huang,2025-02-08,23:48:24,-08:00,2025-02-08T23:48:24-08:00,0,57
global.js,180,js,c04b6149,Andy Huang,2025-02-08,23:48:24,-08:00,2025-02-08T23:48:24-08:00,0,7
global.js,181,js,c04b6149,Andy Huang,2025-02-08,23:48:24,-08:00,2025-02-08T23:48:24-08:00,0,0
global.js,182,js,c04b6149,Andy Huang,2025-02-08,23:48:24,-08:00,2025-02-08T23:48:24-08:00,0,31
global.js,183,js,c04b6149,Andy Huang,2025-02-08,23:48:24,-08:00,2025-02-08T23:48:24-08:00,0,0
global.js,184,js,c04b6149,Andy Huang,2025-02-08,23:48:24,-08:00,2025-02-08T23:48:24-08:00,0,29
global.js,185,js,c04b6149,Andy Huang,2025-02-08,23:48:24,-08:00,2025-02-08T23:48:24-08:00,0,37
global.js,186,js,c04b6149,Andy Huang,2025-02-08,23:48:24,-08:00,2025-02-08T23:48:24-08:00,0,0
global.js,187,js,99c2091a,Andy Huang,2025-01-31,14:19:17,-08:00,2025-01-31T14:19:17-08:00,0,0
global.js,188,js,99c2091a,Andy Huang,2025-01-31,14:19:17,-08:00,2025-01-31T14:19:17-08:00,0,0
global.js,189,js,c04b6149,Andy Huang,2025-02-08,23:48:24,-08:00,2025-02-08T23:48:24-08:00,0,0
global.js,190,js,99c2091a,Andy Huang,2025-01-31,14:19:17,-08:00,2025-01-31T14:19:17-08:00,0,48
global.js,191,js,99c2091a,Andy Huang,2025-01-31,14:19:17,-08:00,2025-01-31T14:19:17-08:00,0,23
global.js,192,js,99c2091a,Andy Huang,2025-01-31,14:19:17,-08:00,2025-01-31T14:19:17-08:00,0,60
global.js,193,js,21cb8250,Andy Huang,2025-01-31,15:01:10,-08:00,2025-01-31T15:01:10-08:00,0,0
resume\index.html,1,html,c8648981,Andy Huang,2025-01-10,15:49:31,-08:00,2025-01-10T15:49:31-08:00,0,14
resume\index.html,2,html,c8648981,Andy Huang,2025-01-10,15:49:31,-08:00,2025-01-10T15:49:31-08:00,0,15
resume\index.html,3,html,c8648981,Andy Huang,2025-01-10,15:49:31,-08:00,2025-01-10T15:49:31-08:00,0,5
resume\index.html,4,html,c8648981,Andy Huang,2025-01-10,15:49:31,-08:00,2025-01-10T15:49:31-08:00,0,21
resume\index.html,5,html,c8648981,Andy Huang,2025-01-10,15:49:31,-08:00,2025-01-10T15:49:31-08:00,0,69
resume\index.html,6,html,4bb4d3b8,Andy Huang,2025-01-17,13:47:10,-08:00,2025-01-17T13:47:10-08:00,0,42
resume\index.html,7,html,1aaf762b,Andy Huang,2025-01-17,13:26:32,-08:00,2025-01-17T13:26:32-08:00,0,50
resume\index.html,8,html,c8648981,Andy Huang,2025-01-10,15:49:31,-08:00,2025-01-10T15:49:31-08:00,0,6
resume\index.html,9,html,c8648981,Andy Huang,2025-01-10,15:49:31,-08:00,2025-01-10T15:49:31-08:00,0,5
resume\index.html,10,html,9343134c,Andy Huang,2025-01-24,19:24:47,-08:00,2025-01-24T19:24:47-08:00,0,49
resume\index.html,11,html,68d19fd5,Andy Huang,2025-01-10,22:34:44,-08:00,2025-01-10T22:34:44-08:00,0,16
resume\index.html,12,html,68d19fd5,Andy Huang,2025-01-10,22:34:44,-08:00,2025-01-10T22:34:44-08:00,0,10
resume\index.html,13,html,68d19fd5,Andy Huang,2025-01-10,22:34:44,-08:00,2025-01-10T22:34:44-08:00,0,8
resume\index.html,14,html,2c6622a2,Andy Huang,2025-01-17,14:54:05,-08:00,2025-01-17T14:54:05-08:00,0,36
resume\index.html,15,html,4bb4d3b8,Andy Huang,2025-01-17,13:47:10,-08:00,2025-01-17T13:47:10-08:00,0,147
resume\index.html,16,html,9e4a55cb,Andy Huang,2025-01-17,16:22:20,-08:00,2025-01-17T16:22:20-08:00,0,115
resume\index.html,17,html,68d19fd5,Andy Huang,2025-01-10,22:34:44,-08:00,2025-01-10T22:34:44-08:00,0,3
resume\index.html,18,html,68d19fd5,Andy Huang,2025-01-10,22:34:44,-08:00,2025-01-10T22:34:44-08:00,0,9
resume\index.html,19,html,2c6622a2,Andy Huang,2025-01-17,14:54:05,-08:00,2025-01-17T14:54:05-08:00,0,37
resume\index.html,20,html,2c6622a2,Andy Huang,2025-01-17,14:54:05,-08:00,2025-01-17T14:54:05-08:00,0,25
resume\index.html,21,html,1e1b646c,Andy Huang,2025-01-24,20:37:01,-08:00,2025-01-24T20:37:01-08:00,0,25
resume\index.html,22,html,9e4a55cb,Andy Huang,2025-01-17,16:22:20,-08:00,2025-01-17T16:22:20-08:00,0,7
resume\index.html,23,html,9e4a55cb,Andy Huang,2025-01-17,16:22:20,-08:00,2025-01-17T16:22:20-08:00,0,82
resume\index.html,24,html,9e4a55cb,Andy Huang,2025-01-17,16:22:20,-08:00,2025-01-17T16:22:20-08:00,0,8
resume\index.html,25,html,9e4a55cb,Andy Huang,2025-01-17,16:22:20,-08:00,2025-01-17T16:22:20-08:00,0,3
resume\index.html,26,html,9e4a55cb,Andy Huang,2025-01-17,16:22:20,-08:00,2025-01-17T16:22:20-08:00,0,132
resume\index.html,27,html,9e4a55cb,Andy Huang,2025-01-17,16:22:20,-08:00,2025-01-17T16:22:20-08:00,0,173
resume\index.html,28,html,9e4a55cb,Andy Huang,2025-01-17,16:22:20,-08:00,2025-01-17T16:22:20-08:00,0,141
resume\index.html,29,html,9e4a55cb,Andy Huang,2025-01-17,16:22:20,-08:00,2025-01-17T16:22:20-08:00,0,130
resume\index.html,30,html,9e4a55cb,Andy Huang,2025-01-17,16:22:20,-08:00,2025-01-17T16:22:20-08:00,0,161
resume\index.html,31,html,9e4a55cb,Andy Huang,2025-01-17,16:22:20,-08:00,2025-01-17T16:22:20-08:00,0,4
resume\index.html,32,html,2c6622a2,Andy Huang,2025-01-17,14:54:05,-08:00,2025-01-17T14:54:05-08:00,0,9
resume\index.html,33,html,2c6622a2,Andy Huang,2025-01-17,14:54:05,-08:00,2025-01-17T14:54:05-08:00,0,25
resume\index.html,34,html,9e4a55cb,Andy Huang,2025-01-17,16:22:20,-08:00,2025-01-17T16:22:20-08:00,0,7
resume\index.html,35,html,9e4a55cb,Andy Huang,2025-01-17,16:22:20,-08:00,2025-01-17T16:22:20-08:00,0,29
resume\index.html,36,html,9e4a55cb,Andy Huang,2025-01-17,16:22:20,-08:00,2025-01-17T16:22:20-08:00,0,8
resume\index.html,37,html,9e4a55cb,Andy Huang,2025-01-17,16:22:20,-08:00,2025-01-17T16:22:20-08:00,0,3
resume\index.html,38,html,9e4a55cb,Andy Huang,2025-01-17,16:22:20,-08:00,2025-01-17T16:22:20-08:00,0,124
resume\index.html,39,html,9e4a55cb,Andy Huang,2025-01-17,16:22:20,-08:00,2025-01-17T16:22:20-08:00,0,154
resume\index.html,40,html,9e4a55cb,Andy Huang,2025-01-17,16:22:20,-08:00,2025-01-17T16:22:20-08:00,0,110
resume\index.html,41,html,9e4a55cb,Andy Huang,2025-01-17,16:22:20,-08:00,2025-01-17T16:22:20-08:00,0,4
resume\index.html,42,html,9e4a55cb,Andy Huang,2025-01-17,16:22:20,-08:00,2025-01-17T16:22:20-08:00,0,9
resume\index.html,43,html,9e4a55cb,Andy Huang,2025-01-17,16:22:20,-08:00,2025-01-17T16:22:20-08:00,0,25
resume\index.html,44,html,9e4a55cb,Andy Huang,2025-01-17,16:22:20,-08:00,2025-01-17T16:22:20-08:00,0,7
resume\index.html,45,html,9e4a55cb,Andy Huang,2025-01-17,16:22:20,-08:00,2025-01-17T16:22:20-08:00,0,34
resume\index.html,46,html,9e4a55cb,Andy Huang,2025-01-17,16:22:20,-08:00,2025-01-17T16:22:20-08:00,0,8
resume\index.html,47,html,9e4a55cb,Andy Huang,2025-01-17,16:22:20,-08:00,2025-01-17T16:22:20-08:00,0,3
resume\index.html,48,html,9e4a55cb,Andy Huang,2025-01-17,16:22:20,-08:00,2025-01-17T16:22:20-08:00,0,131
resume\index.html,49,html,9e4a55cb,Andy Huang,2025-01-17,16:22:20,-08:00,2025-01-17T16:22:20-08:00,0,114
resume\index.html,50,html,9e4a55cb,Andy Huang,2025-01-17,16:22:20,-08:00,2025-01-17T16:22:20-08:00,0,91
resume\index.html,51,html,9e4a55cb,Andy Huang,2025-01-17,16:22:20,-08:00,2025-01-17T16:22:20-08:00,0,4
resume\index.html,52,html,9e4a55cb,Andy Huang,2025-01-17,16:22:20,-08:00,2025-01-17T16:22:20-08:00,0,9
resume\index.html,53,html,2c6622a2,Andy Huang,2025-01-17,14:54:05,-08:00,2025-01-17T14:54:05-08:00,0,9
resume\index.html,54,html,2c6622a2,Andy Huang,2025-01-17,14:54:05,-08:00,2025-01-17T14:54:05-08:00,0,34
resume\index.html,55,html,2c6622a2,Andy Huang,2025-01-17,14:54:05,-08:00,2025-01-17T14:54:05-08:00,0,25
resume\index.html,56,html,2c6622a2,Andy Huang,2025-01-17,14:54:05,-08:00,2025-01-17T14:54:05-08:00,0,25
resume\index.html,57,html,2c6622a2,Andy Huang,2025-01-17,14:54:05,-08:00,2025-01-17T14:54:05-08:00,0,128
resume\index.html,58,html,2c6622a2,Andy Huang,2025-01-17,14:54:05,-08:00,2025-01-17T14:54:05-08:00,0,3
resume\index.html,59,html,2c6622a2,Andy Huang,2025-01-17,14:54:05,-08:00,2025-01-17T14:54:05-08:00,0,9
resume\index.html,60,html,2c6622a2,Andy Huang,2025-01-17,14:54:05,-08:00,2025-01-17T14:54:05-08:00,0,25
resume\index.html,61,html,2c6622a2,Andy Huang,2025-01-17,14:54:05,-08:00,2025-01-17T14:54:05-08:00,0,122
resume\index.html,62,html,2c6622a2,Andy Huang,2025-01-17,14:54:05,-08:00,2025-01-17T14:54:05-08:00,0,3
resume\index.html,63,html,2c6622a2,Andy Huang,2025-01-17,14:54:05,-08:00,2025-01-17T14:54:05-08:00,0,9
resume\index.html,64,html,2c6622a2,Andy Huang,2025-01-17,14:54:05,-08:00,2025-01-17T14:54:05-08:00,0,25
resume\index.html,65,html,2c6622a2,Andy Huang,2025-01-17,14:54:05,-08:00,2025-01-17T14:54:05-08:00,0,91
resume\index.html,66,html,2c6622a2,Andy Huang,2025-01-17,14:54:05,-08:00,2025-01-17T14:54:05-08:00,0,3
resume\index.html,67,html,2c6622a2,Andy Huang,2025-01-17,14:54:05,-08:00,2025-01-17T14:54:05-08:00,0,9
resume\index.html,68,html,2c6622a2,Andy Huang,2025-01-17,14:54:05,-08:00,2025-01-17T14:54:05-08:00,0,9
resume\index.html,69,html,2c6622a2,Andy Huang,2025-01-17,14:54:05,-08:00,2025-01-17T14:54:05-08:00,0,8
resume\index.html,70,html,2c6622a2,Andy Huang,2025-01-17,14:54:05,-08:00,2025-01-17T14:54:05-08:00,0,70
resume\index.html,71,html,2c6622a2,Andy Huang,2025-01-17,14:54:05,-08:00,2025-01-17T14:54:05-08:00,0,9
resume\index.html,72,html,c8648981,Andy Huang,2025-01-10,15:49:31,-08:00,2025-01-10T15:49:31-08:00,0,6
resume\index.html,73,html,c8648981,Andy Huang,2025-01-10,15:49:31,-08:00,2025-01-10T15:49:31-08:00,0,6
projects\projects.js,1,js,99c2091a,Andy Huang,2025-01-31,14:19:17,-08:00,2025-01-31T14:19:17-08:00,0,56
projects\projects.js,2,js,c04b6149,Andy Huang,2025-02-08,23:48:24,-08:00,2025-02-08T23:48:24-08:00,0,64
projects\projects.js,3,js,c04b6149,Andy Huang,2025-02-08,23:48:24,-08:00,2025-02-08T23:48:24-08:00,0,0
projects\projects.js,4,js,99c2091a,Andy Huang,2025-01-31,14:19:17,-08:00,2025-01-31T14:19:17-08:00,0,56
projects\projects.js,5,js,99c2091a,Andy Huang,2025-01-31,14:19:17,-08:00,2025-01-31T14:19:17-08:00,0,61
projects\projects.js,6,js,99c2091a,Andy Huang,2025-01-31,14:19:17,-08:00,2025-01-31T14:19:17-08:00,0,49
projects\projects.js,7,js,c04b6149,Andy Huang,2025-02-08,23:48:24,-08:00,2025-02-08T23:48:24-08:00,0,0
projects\projects.js,8,js,99c2091a,Andy Huang,2025-01-31,14:19:17,-08:00,2025-01-31T14:19:17-08:00,0,62
projects\projects.js,9,js,c04b6149,Andy Huang,2025-02-08,23:48:24,-08:00,2025-02-08T23:48:24-08:00,0,56
projects\projects.js,10,js,c04b6149,Andy Huang,2025-02-08,23:48:24,-08:00,2025-02-08T23:48:24-08:00,0,0
projects\projects.js,11,js,c04b6149,Andy Huang,2025-02-08,23:48:24,-08:00,2025-02-08T23:48:24-08:00,0,47
projects\projects.js,12,js,c04b6149,Andy Huang,2025-02-08,23:48:24,-08:00,2025-02-08T23:48:24-08:00,0,36
projects\projects.js,13,js,8b92c60c,Andy Huang,2025-02-09,01:08:15,-08:00,2025-02-09T01:08:15-08:00,0,18
projects\projects.js,14,js,c04b6149,Andy Huang,2025-02-08,23:48:24,-08:00,2025-02-08T23:48:24-08:00,0,0
projects\projects.js,15,js,c04b6149,Andy Huang,2025-02-08,23:48:24,-08:00,2025-02-08T23:48:24-08:00,0,39
projects\projects.js,16,js,c04b6149,Andy Huang,2025-02-08,23:48:24,-08:00,2025-02-08T23:48:24-08:00,0,58
projects\projects.js,17,js,c04b6149,Andy Huang,2025-02-08,23:48:24,-08:00,2025-02-08T23:48:24-08:00,0,0
projects\projects.js,18,js,c04b6149,Andy Huang,2025-02-08,23:48:24,-08:00,2025-02-08T23:48:24-08:00,0,27
projects\projects.js,19,js,c04b6149,Andy Huang,2025-02-08,23:48:24,-08:00,2025-02-08T23:48:24-08:00,0,13
projects\projects.js,20,js,c04b6149,Andy Huang,2025-02-08,23:48:24,-08:00,2025-02-08T23:48:24-08:00,0,15
projects\projects.js,21,js,c04b6149,Andy Huang,2025-02-08,23:48:24,-08:00,2025-02-08T23:48:24-08:00,0,12
projects\projects.js,22,js,c04b6149,Andy Huang,2025-02-08,23:48:24,-08:00,2025-02-08T23:48:24-08:00,0,1
projects\projects.js,23,js,c04b6149,Andy Huang,2025-02-08,23:48:24,-08:00,2025-02-08T23:48:24-08:00,0,0
projects\projects.js,24,js,c04b6149,Andy Huang,2025-02-08,23:48:24,-08:00,2025-02-08T23:48:24-08:00,0,29
projects\projects.js,25,js,c04b6149,Andy Huang,2025-02-08,23:48:24,-08:00,2025-02-08T23:48:24-08:00,0,48
projects\projects.js,26,js,c04b6149,Andy Huang,2025-02-08,23:48:24,-08:00,2025-02-08T23:48:24-08:00,0,6
projects\projects.js,27,js,c04b6149,Andy Huang,2025-02-08,23:48:24,-08:00,2025-02-08T23:48:24-08:00,0,0
projects\projects.js,28,js,c04b6149,Andy Huang,2025-02-08,23:48:24,-08:00,2025-02-08T23:48:24-08:00,0,0
projects\projects.js,29,js,c04b6149,Andy Huang,2025-02-08,23:48:24,-08:00,2025-02-08T23:48:24-08:00,0,46
projects\projects.js,30,js,c04b6149,Andy Huang,2025-02-08,23:48:24,-08:00,2025-02-08T23:48:24-08:00,0,12
projects\projects.js,31,js,c04b6149,Andy Huang,2025-02-08,23:48:24,-08:00,2025-02-08T23:48:24-08:00,0,10
projects\projects.js,32,js,c04b6149,Andy Huang,2025-02-08,23:48:24,-08:00,2025-02-08T23:48:24-08:00,0,3
projects\projects.js,33,js,c04b6149,Andy Huang,2025-02-08,23:48:24,-08:00,2025-02-08T23:48:24-08:00,0,0
projects\projects.js,34,js,c04b6149,Andy Huang,2025-02-08,23:48:24,-08:00,2025-02-08T23:48:24-08:00,0,51
projects\projects.js,35,js,c04b6149,Andy Huang,2025-02-08,23:48:24,-08:00,2025-02-08T23:48:24-08:00,0,34
projects\projects.js,36,js,c04b6149,Andy Huang,2025-02-08,23:48:24,-08:00,2025-02-08T23:48:24-08:00,0,0
projects\projects.js,37,js,c04b6149,Andy Huang,2025-02-08,23:48:24,-08:00,2025-02-08T23:48:24-08:00,0,26
projects\projects.js,38,js,c04b6149,Andy Huang,2025-02-08,23:48:24,-08:00,2025-02-08T23:48:24-08:00,0,56
projects\projects.js,39,js,c04b6149,Andy Huang,2025-02-08,23:48:24,-08:00,2025-02-08T23:48:24-08:00,0,53
projects\projects.js,40,js,c04b6149,Andy Huang,2025-02-08,23:48:24,-08:00,2025-02-08T23:48:24-08:00,0,0
projects\projects.js,41,js,c04b6149,Andy Huang,2025-02-08,23:48:24,-08:00,2025-02-08T23:48:24-08:00,0,48
projects\projects.js,42,js,c04b6149,Andy Huang,2025-02-08,23:48:24,-08:00,2025-02-08T23:48:24-08:00,0,0
projects\projects.js,43,js,c04b6149,Andy Huang,2025-02-08,23:48:24,-08:00,2025-02-08T23:48:24-08:00,0,23
projects\projects.js,44,js,c04b6149,Andy Huang,2025-02-08,23:48:24,-08:00,2025-02-08T23:48:24-08:00,0,28
projects\projects.js,45,js,c04b6149,Andy Huang,2025-02-08,23:48:24,-08:00,2025-02-08T23:48:24-08:00,0,17
projects\projects.js,46,js,c04b6149,Andy Huang,2025-02-08,23:48:24,-08:00,2025-02-08T23:48:24-08:00,0,26
projects\projects.js,47,js,c04b6149,Andy Huang,2025-02-08,23:48:24,-08:00,2025-02-08T23:48:24-08:00,0,25
projects\projects.js,48,js,c04b6149,Andy Huang,2025-02-08,23:48:24,-08:00,2025-02-08T23:48:24-08:00,0,26
projects\projects.js,49,js,18623d28,Andy Huang,2025-02-09,00:43:35,-08:00,2025-02-09T00:43:35-08:00,0,35
projects\projects.js,50,js,18623d28,Andy Huang,2025-02-09,00:43:35,-08:00,2025-02-09T00:43:35-08:00,0,81
projects\projects.js,51,js,18623d28,Andy Huang,2025-02-09,00:43:35,-08:00,2025-02-09T00:43:35-08:00,0,20
projects\projects.js,52,js,18623d28,Andy Huang,2025-02-09,00:43:35,-08:00,2025-02-09T00:43:35-08:00,0,40
projects\projects.js,53,js,18623d28,Andy Huang,2025-02-09,00:43:35,-08:00,2025-02-09T00:43:35-08:00,0,14
projects\projects.js,54,js,18623d28,Andy Huang,2025-02-09,00:43:35,-08:00,2025-02-09T00:43:35-08:00,0,49
projects\projects.js,55,js,8b92c60c,Andy Huang,2025-02-09,01:08:15,-08:00,2025-02-09T01:08:15-08:00,0,20
projects\projects.js,56,js,c04b6149,Andy Huang,2025-02-08,23:48:24,-08:00,2025-02-08T23:48:24-08:00,0,0
projects\projects.js,57,js,c04b6149,Andy Huang,2025-02-08,23:48:24,-08:00,2025-02-08T23:48:24-08:00,0,1
projects\projects.js,58,js,c04b6149,Andy Huang,2025-02-08,23:48:24,-08:00,2025-02-08T23:48:24-08:00,0,28
projects\projects.js,59,js,18623d28,Andy Huang,2025-02-09,00:43:35,-08:00,2025-02-09T00:43:35-08:00,0,64
projects\projects.js,60,js,18623d28,Andy Huang,2025-02-09,00:43:35,-08:00,2025-02-09T00:43:35-08:00,0,20
projects\projects.js,61,js,18623d28,Andy Huang,2025-02-09,00:43:35,-08:00,2025-02-09T00:43:35-08:00,0,20
projects\projects.js,62,js,c04b6149,Andy Huang,2025-02-08,23:48:24,-08:00,2025-02-08T23:48:24-08:00,0,0
projects\projects.js,63,js,c04b6149,Andy Huang,2025-02-08,23:48:24,-08:00,2025-02-08T23:48:24-08:00,0,1
projects\projects.js,64,js,c04b6149,Andy Huang,2025-02-08,23:48:24,-08:00,2025-02-08T23:48:24-08:00,0,25
projects\projects.js,65,js,c04b6149,Andy Huang,2025-02-08,23:48:24,-08:00,2025-02-08T23:48:24-08:00,0,68
projects\projects.js,66,js,18623d28,Andy Huang,2025-02-09,00:43:35,-08:00,2025-02-09T00:43:35-08:00,0,0
projects\projects.js,67,js,c04b6149,Andy Huang,2025-02-08,23:48:24,-08:00,2025-02-08T23:48:24-08:00,0,85
projects\projects.js,68,js,18623d28,Andy Huang,2025-02-09,00:43:35,-08:00,2025-02-09T00:43:35-08:00,0,0
projects\projects.js,69,js,c04b6149,Andy Huang,2025-02-08,23:48:24,-08:00,2025-02-08T23:48:24-08:00,0,20
projects\projects.js,70,js,c04b6149,Andy Huang,2025-02-08,23:48:24,-08:00,2025-02-08T23:48:24-08:00,0,64
projects\projects.js,71,js,c04b6149,Andy Huang,2025-02-08,23:48:24,-08:00,2025-02-08T23:48:24-08:00,0,75
projects\projects.js,72,js,18623d28,Andy Huang,2025-02-09,00:43:35,-08:00,2025-02-09T00:43:35-08:00,0,35
projects\projects.js,73,js,18623d28,Andy Huang,2025-02-09,00:43:35,-08:00,2025-02-09T00:43:35-08:00,0,26
projects\projects.js,74,js,18623d28,Andy Huang,2025-02-09,00:43:35,-08:00,2025-02-09T00:43:35-08:00,0,61
projects\projects.js,75,js,18623d28,Andy Huang,2025-02-09,00:43:35,-08:00,2025-02-09T00:43:35-08:00,0,0
projects\projects.js,76,js,18623d28,Andy Huang,2025-02-09,00:43:35,-08:00,2025-02-09T00:43:35-08:00,0,81
projects\projects.js,77,js,18623d28,Andy Huang,2025-02-09,00:43:35,-08:00,2025-02-09T00:43:35-08:00,0,2
projects\projects.js,78,js,c04b6149,Andy Huang,2025-02-08,23:48:24,-08:00,2025-02-08T23:48:24-08:00,0,0
projects\projects.js,79,js,c04b6149,Andy Huang,2025-02-08,23:48:24,-08:00,2025-02-08T23:48:24-08:00,0,25
projects\projects.js,80,js,c04b6149,Andy Huang,2025-02-08,23:48:24,-08:00,2025-02-08T23:48:24-08:00,0,21
projects\projects.js,81,js,c04b6149,Andy Huang,2025-02-08,23:48:24,-08:00,2025-02-08T23:48:24-08:00,0,26
projects\projects.js,82,js,c04b6149,Andy Huang,2025-02-08,23:48:24,-08:00,2025-02-08T23:48:24-08:00,0,37
projects\projects.js,83,js,c04b6149,Andy Huang,2025-02-08,23:48:24,-08:00,2025-02-08T23:48:24-08:00,0,26
projects\projects.js,84,js,18623d28,Andy Huang,2025-02-09,00:43:35,-08:00,2025-02-09T00:43:35-08:00,0,0
projects\projects.js,85,js,18623d28,Andy Huang,2025-02-09,00:43:35,-08:00,2025-02-09T00:43:35-08:00,0,0
projects\projects.js,86,js,c04b6149,Andy Huang,2025-02-08,23:48:24,-08:00,2025-02-08T23:48:24-08:00,0,36
projects\projects.js,87,js,c04b6149,Andy Huang,2025-02-08,23:48:24,-08:00,2025-02-08T23:48:24-08:00,0,2
projects\projects.js,88,js,c04b6149,Andy Huang,2025-02-08,23:48:24,-08:00,2025-02-08T23:48:24-08:00,0,2
projects\projects.js,89,js,c04b6149,Andy Huang,2025-02-08,23:48:24,-08:00,2025-02-08T23:48:24-08:00,0,0
projects\projects.js,90,js,c04b6149,Andy Huang,2025-02-08,23:48:24,-08:00,2025-02-08T23:48:24-08:00,0,15
projects\projects.js,91,js,c04b6149,Andy Huang,2025-02-08,23:48:24,-08:00,2025-02-08T23:48:24-08:00,0,33
projects\projects.js,92,js,c04b6149,Andy Huang,2025-02-08,23:48:24,-08:00,2025-02-08T23:48:24-08:00,0,53
projects\projects.js,93,js,c04b6149,Andy Huang,2025-02-08,23:48:24,-08:00,2025-02-08T23:48:24-08:00,0,0
projects\projects.js,94,js,c04b6149,Andy Huang,2025-02-08,23:48:24,-08:00,2025-02-08T23:48:24-08:00,0,25
projects\projects.js,95,js,c04b6149,Andy Huang,2025-02-08,23:48:24,-08:00,2025-02-08T23:48:24-08:00,0,18
projects\projects.js,96,js,c04b6149,Andy Huang,2025-02-08,23:48:24,-08:00,2025-02-08T23:48:24-08:00,0,39
projects\projects.js,97,js,c04b6149,Andy Huang,2025-02-08,23:48:24,-08:00,2025-02-08T23:48:24-08:00,0,28
projects\projects.js,98,js,c04b6149,Andy Huang,2025-02-08,23:48:24,-08:00,2025-02-08T23:48:24-08:00,0,69
projects\projects.js,99,js,8b92c60c,Andy Huang,2025-02-09,01:08:15,-08:00,2025-02-09T01:08:15-08:00,0,35
projects\projects.js,100,js,8b92c60c,Andy Huang,2025-02-09,01:08:15,-08:00,2025-02-09T01:08:15-08:00,0,81
projects\projects.js,101,js,8b92c60c,Andy Huang,2025-02-09,01:08:15,-08:00,2025-02-09T01:08:15-08:00,0,20
projects\projects.js,102,js,8b92c60c,Andy Huang,2025-02-09,01:08:15,-08:00,2025-02-09T01:08:15-08:00,0,40
projects\projects.js,103,js,8b92c60c,Andy Huang,2025-02-09,01:08:15,-08:00,2025-02-09T01:08:15-08:00,0,0
projects\projects.js,104,js,8b92c60c,Andy Huang,2025-02-09,01:08:15,-08:00,2025-02-09T01:08:15-08:00,0,79
projects\projects.js,105,js,8b92c60c,Andy Huang,2025-02-09,01:08:15,-08:00,2025-02-09T01:08:15-08:00,0,27
projects\projects.js,106,js,8b92c60c,Andy Huang,2025-02-09,01:08:15,-08:00,2025-02-09T01:08:15-08:00,0,20
projects\projects.js,107,js,8b92c60c,Andy Huang,2025-02-09,01:08:15,-08:00,2025-02-09T01:08:15-08:00,0,0
projects\projects.js,108,js,8b92c60c,Andy Huang,2025-02-09,01:08:15,-08:00,2025-02-09T01:08:15-08:00,0,1
projects\projects.js,109,js,8b92c60c,Andy Huang,2025-02-09,01:08:15,-08:00,2025-02-09T01:08:15-08:00,0,28
projects\projects.js,110,js,8b92c60c,Andy Huang,2025-02-09,01:08:15,-08:00,2025-02-09T01:08:15-08:00,0,64
projects\projects.js,111,js,8b92c60c,Andy Huang,2025-02-09,01:08:15,-08:00,2025-02-09T01:08:15-08:00,0,20
projects\projects.js,112,js,8b92c60c,Andy Huang,2025-02-09,01:08:15,-08:00,2025-02-09T01:08:15-08:00,0,20
projects\projects.js,113,js,8b92c60c,Andy Huang,2025-02-09,01:08:15,-08:00,2025-02-09T01:08:15-08:00,0,0
projects\projects.js,114,js,8b92c60c,Andy Huang,2025-02-09,01:08:15,-08:00,2025-02-09T01:08:15-08:00,0,1
projects\projects.js,115,js,c04b6149,Andy Huang,2025-02-08,23:48:24,-08:00,2025-02-08T23:48:24-08:00,0,25
projects\projects.js,116,js,8b92c60c,Andy Huang,2025-02-09,01:08:15,-08:00,2025-02-09T01:08:15-08:00,0,68
projects\projects.js,117,js,8b92c60c,Andy Huang,2025-02-09,01:08:15,-08:00,2025-02-09T01:08:15-08:00,0,0
projects\projects.js,118,js,c04b6149,Andy Huang,2025-02-08,23:48:24,-08:00,2025-02-08T23:48:24-08:00,0,85
projects\projects.js,119,js,8b92c60c,Andy Huang,2025-02-09,01:08:15,-08:00,2025-02-09T01:08:15-08:00,0,0
projects\projects.js,120,js,8b92c60c,Andy Huang,2025-02-09,01:08:15,-08:00,2025-02-09T01:08:15-08:00,0,20
projects\projects.js,121,js,8b92c60c,Andy Huang,2025-02-09,01:08:15,-08:00,2025-02-09T01:08:15-08:00,0,64
projects\projects.js,122,js,8b92c60c,Andy Huang,2025-02-09,01:08:15,-08:00,2025-02-09T01:08:15-08:00,0,75
projects\projects.js,123,js,8b92c60c,Andy Huang,2025-02-09,01:08:15,-08:00,2025-02-09T01:08:15-08:00,0,35
projects\projects.js,124,js,8b92c60c,Andy Huang,2025-02-09,01:08:15,-08:00,2025-02-09T01:08:15-08:00,0,26
projects\projects.js,125,js,8b92c60c,Andy Huang,2025-02-09,01:08:15,-08:00,2025-02-09T01:08:15-08:00,0,61
projects\projects.js,126,js,8b92c60c,Andy Huang,2025-02-09,01:08:15,-08:00,2025-02-09T01:08:15-08:00,0,0
projects\projects.js,127,js,8b92c60c,Andy Huang,2025-02-09,01:08:15,-08:00,2025-02-09T01:08:15-08:00,0,81
projects\projects.js,128,js,8b92c60c,Andy Huang,2025-02-09,01:08:15,-08:00,2025-02-09T01:08:15-08:00,0,2
projects\projects.js,129,js,8b92c60c,Andy Huang,2025-02-09,01:08:15,-08:00,2025-02-09T01:08:15-08:00,0,0
projects\projects.js,130,js,8b92c60c,Andy Huang,2025-02-09,01:08:15,-08:00,2025-02-09T01:08:15-08:00,0,25
projects\projects.js,131,js,8b92c60c,Andy Huang,2025-02-09,01:08:15,-08:00,2025-02-09T01:08:15-08:00,0,21
projects\projects.js,132,js,8b92c60c,Andy Huang,2025-02-09,01:08:15,-08:00,2025-02-09T01:08:15-08:00,0,26
projects\projects.js,133,js,8b92c60c,Andy Huang,2025-02-09,01:08:15,-08:00,2025-02-09T01:08:15-08:00,0,37
projects\projects.js,134,js,8b92c60c,Andy Huang,2025-02-09,01:08:15,-08:00,2025-02-09T01:08:15-08:00,0,26
projects\projects.js,135,js,8b92c60c,Andy Huang,2025-02-09,01:08:15,-08:00,2025-02-09T01:08:15-08:00,0,0
projects\projects.js,136,js,8b92c60c,Andy Huang,2025-02-09,01:08:15,-08:00,2025-02-09T01:08:15-08:00,0,0
projects\projects.js,137,js,c04b6149,Andy Huang,2025-02-08,23:48:24,-08:00,2025-02-08T23:48:24-08:00,0,36
projects\projects.js,138,js,c04b6149,Andy Huang,2025-02-08,23:48:24,-08:00,2025-02-08T23:48:24-08:00,0,2
projects\projects.js,139,js,c04b6149,Andy Huang,2025-02-08,23:48:24,-08:00,2025-02-08T23:48:24-08:00,0,2
projects\projects.js,140,js,c04b6149,Andy Huang,2025-02-08,23:48:24,-08:00,2025-02-08T23:48:24-08:00,0,0
projects\projects.js,141,js,c04b6149,Andy Huang,2025-02-08,23:48:24,-08:00,2025-02-08T23:48:24-08:00,0,0
projects\projects.js,142,js,c04b6149,Andy Huang,2025-02-08,23:48:24,-08:00,2025-02-08T23:48:24-08:00,0,69
projects\projects.js,143,js,c04b6149,Andy Huang,2025-02-08,23:48:24,-08:00,2025-02-08T23:48:24-08:00,0,53
projects\projects.js,144,js,c04b6149,Andy Huang,2025-02-08,23:48:24,-08:00,2025-02-08T23:48:24-08:00,0,30
projects\projects.js,145,js,c04b6149,Andy Huang,2025-02-08,23:48:24,-08:00,2025-02-08T23:48:24-08:00,0,92
projects\projects.js,146,js,c04b6149,Andy Huang,2025-02-08,23:48:24,-08:00,2025-02-08T23:48:24-08:00,0,105
projects\projects.js,147,js,c04b6149,Andy Huang,2025-02-08,23:48:24,-08:00,2025-02-08T23:48:24-08:00,0,0
projects\projects.js,148,js,c04b6149,Andy Huang,2025-02-08,23:48:24,-08:00,2025-02-08T23:48:24-08:00,0,57
projects\projects.js,149,js,c04b6149,Andy Huang,2025-02-08,23:48:24,-08:00,2025-02-08T23:48:24-08:00,0,0
projects\projects.js,150,js,c04b6149,Andy Huang,2025-02-08,23:48:24,-08:00,2025-02-08T23:48:24-08:00,0,0
projects\projects.js,151,js,c04b6149,Andy Huang,2025-02-08,23:48:24,-08:00,2025-02-08T23:48:24-08:00,0,16
projects\projects.js,152,js,c04b6149,Andy Huang,2025-02-08,23:48:24,-08:00,2025-02-08T23:48:24-08:00,0,24
projects\projects.js,153,js,c04b6149,Andy Huang,2025-02-08,23:48:24,-08:00,2025-02-08T23:48:24-08:00,0,0
projects\projects.js,154,js,c04b6149,Andy Huang,2025-02-08,23:48:24,-08:00,2025-02-08T23:48:24-08:00,0,24
projects\projects.js,155,js,c04b6149,Andy Huang,2025-02-08,23:48:24,-08:00,2025-02-08T23:48:24-08:00,0,74
projects\projects.js,156,js,c04b6149,Andy Huang,2025-02-08,23:48:24,-08:00,2025-02-08T23:48:24-08:00,0,26
projects\projects.js,157,js,c04b6149,Andy Huang,2025-02-08,23:48:24,-08:00,2025-02-08T23:48:24-08:00,0,138
projects\projects.js,158,js,c04b6149,Andy Huang,2025-02-08,23:48:24,-08:00,2025-02-08T23:48:24-08:00,0,2
projects\index.html,1,html,3008ae59,Andy Huang,2025-01-10,14:02:30,-08:00,2025-01-10T14:02:30-08:00,0,14
projects\index.html,2,html,3008ae59,Andy Huang,2025-01-10,14:02:30,-08:00,2025-01-10T14:02:30-08:00,0,15
projects\index.html,3,html,3008ae59,Andy Huang,2025-01-10,14:02:30,-08:00,2025-01-10T14:02:30-08:00,0,5
projects\index.html,4,html,3008ae59,Andy Huang,2025-01-10,14:02:30,-08:00,2025-01-10T14:02:30-08:00,0,21
projects\index.html,5,html,3008ae59,Andy Huang,2025-01-10,14:02:30,-08:00,2025-01-10T14:02:30-08:00,0,69
projects\index.html,6,html,4bb4d3b8,Andy Huang,2025-01-17,13:47:10,-08:00,2025-01-17T13:47:10-08:00,0,42
projects\index.html,7,html,1aaf762b,Andy Huang,2025-01-17,13:26:32,-08:00,2025-01-17T13:26:32-08:00,0,50
projects\index.html,8,html,3008ae59,Andy Huang,2025-01-10,14:02:30,-08:00,2025-01-10T14:02:30-08:00,0,24
projects\index.html,9,html,68d19fd5,Andy Huang,2025-01-10,22:34:44,-08:00,2025-01-10T22:34:44-08:00,0,0
projects\index.html,10,html,3008ae59,Andy Huang,2025-01-10,14:02:30,-08:00,2025-01-10T14:02:30-08:00,0,6
projects\index.html,11,html,3008ae59,Andy Huang,2025-01-10,14:02:30,-08:00,2025-01-10T14:02:30-08:00,0,5
projects\index.html,12,html,2e4ff62e,Andy Huang,2025-01-24,19:54:59,-08:00,2025-01-24T19:54:59-08:00,0,49
projects\index.html,13,html,99c2091a,Andy Huang,2025-01-31,14:19:17,-08:00,2025-01-31T14:19:17-08:00,0,49
projects\index.html,14,html,99c2091a,Andy Huang,2025-01-31,14:19:17,-08:00,2025-01-31T14:19:17-08:00,0,48
projects\index.html,15,html,99c2091a,Andy Huang,2025-01-31,14:19:17,-08:00,2025-01-31T14:19:17-08:00,0,39
projects\index.html,16,html,c04b6149,Andy Huang,2025-02-08,23:48:24,-08:00,2025-02-08T23:48:24-08:00,0,22
projects\index.html,17,html,c04b6149,Andy Huang,2025-02-08,23:48:24,-08:00,2025-02-08T23:48:24-08:00,0,59
projects\index.html,18,html,c04b6149,Andy Huang,2025-02-08,23:48:24,-08:00,2025-02-08T23:48:24-08:00,0,23
projects\index.html,19,html,c04b6149,Andy Huang,2025-02-08,23:48:24,-08:00,2025-02-08T23:48:24-08:00,0,5
projects\index.html,20,html,c04b6149,Andy Huang,2025-02-08,23:48:24,-08:00,2025-02-08T23:48:24-08:00,0,5
projects\index.html,21,html,c04b6149,Andy Huang,2025-02-08,23:48:24,-08:00,2025-02-08T23:48:24-08:00,0,16
projects\index.html,22,html,c04b6149,Andy Huang,2025-02-08,23:48:24,-08:00,2025-02-08T23:48:24-08:00,0,12
projects\index.html,23,html,c04b6149,Andy Huang,2025-02-08,23:48:24,-08:00,2025-02-08T23:48:24-08:00,0,27
projects\index.html,24,html,c04b6149,Andy Huang,2025-02-08,23:48:24,-08:00,2025-02-08T23:48:24-08:00,0,32
projects\index.html,25,html,c04b6149,Andy Huang,2025-02-08,23:48:24,-08:00,2025-02-08T23:48:24-08:00,0,1
projects\index.html,26,html,99c2091a,Andy Huang,2025-01-31,14:19:17,-08:00,2025-01-31T14:19:17-08:00,0,27
projects\index.html,27,html,c04b6149,Andy Huang,2025-02-08,23:48:24,-08:00,2025-02-08T23:48:24-08:00,0,0
projects\index.html,28,html,68d19fd5,Andy Huang,2025-01-10,22:34:44,-08:00,2025-01-10T22:34:44-08:00,0,6
projects\index.html,29,html,68d19fd5,Andy Huang,2025-01-10,22:34:44,-08:00,2025-01-10T22:34:44-08:00,0,6
projects\index.html,30,html,68d19fd5,Andy Huang,2025-01-10,22:34:44,-08:00,2025-01-10T22:34:44-08:00,0,0
projects\index.html,31,html,3008ae59,Andy Huang,2025-01-10,14:02:30,-08:00,2025-01-10T14:02:30-08:00,0,6
projects\index.html,32,html,3008ae59,Andy Huang,2025-01-10,14:02:30,-08:00,2025-01-10T14:02:30-08:00,0,6
meta\main.js,1,js,6fdf2f02,Andy Huang,2025-02-14,20:58:53,-08:00,2025-02-14T20:58:53-08:00,0,13
meta\main.js,2,js,6fdf2f02,Andy Huang,2025-02-14,20:58:53,-08:00,2025-02-14T20:58:53-08:00,0,0
meta\main.js,3,js,6fdf2f02,Andy Huang,2025-02-14,20:58:53,-08:00,2025-02-14T20:58:53-08:00,0,26
meta\main.js,4,js,6fdf2f02,Andy Huang,2025-02-14,20:58:53,-08:00,2025-02-14T20:58:53-08:00,0,30
meta\main.js,5,js,6fdf2f02,Andy Huang,2025-02-14,20:58:53,-08:00,2025-02-14T20:58:53-08:00,0,17
meta\main.js,6,js,6fdf2f02,Andy Huang,2025-02-14,20:58:53,-08:00,2025-02-14T20:58:53-08:00,0,0
meta\main.js,7,js,6fdf2f02,Andy Huang,2025-02-14,20:58:53,-08:00,2025-02-14T20:58:53-08:00,0,0
meta\main.js,8,js,6fdf2f02,Andy Huang,2025-02-14,20:58:53,-08:00,2025-02-14T20:58:53-08:00,0,58
meta\main.js,9,js,6fdf2f02,Andy Huang,2025-02-14,20:58:53,-08:00,2025-02-14T20:58:53-08:00,0,16
meta\main.js,10,js,6fdf2f02,Andy Huang,2025-02-14,20:58:53,-08:00,2025-02-14T20:58:53-08:00,0,2
meta\index.html,1,html,8d17c4d7,Andy Huang,2025-02-14,20:39:14,-08:00,2025-02-14T20:39:14-08:00,0,14
meta\index.html,2,html,8d17c4d7,Andy Huang,2025-02-14,20:39:14,-08:00,2025-02-14T20:39:14-08:00,0,15
meta\index.html,3,html,8d17c4d7,Andy Huang,2025-02-14,20:39:14,-08:00,2025-02-14T20:39:14-08:00,0,5
meta\index.html,4,html,8d17c4d7,Andy Huang,2025-02-14,20:39:14,-08:00,2025-02-14T20:39:14-08:00,0,21
meta\index.html,5,html,8d17c4d7,Andy Huang,2025-02-14,20:39:14,-08:00,2025-02-14T20:39:14-08:00,0,69
meta\index.html,6,html,8d17c4d7,Andy Huang,2025-02-14,20:39:14,-08:00,2025-02-14T20:39:14-08:00,0,22
meta\index.html,7,html,6fdf2f02,Andy Huang,2025-02-14,20:58:53,-08:00,2025-02-14T20:58:53-08:00,0,45
meta\index.html,8,html,8d17c4d7,Andy Huang,2025-02-14,20:39:14,-08:00,2025-02-14T20:39:14-08:00,0,50
meta\index.html,9,html,8d17c4d7,Andy Huang,2025-02-14,20:39:14,-08:00,2025-02-14T20:39:14-08:00,0,6
meta\index.html,10,html,8d17c4d7,Andy Huang,2025-02-14,20:39:14,-08:00,2025-02-14T20:39:14-08:00,0,5
meta\index.html,11,html,6fdf2f02,Andy Huang,2025-02-14,20:58:53,-08:00,2025-02-14T20:58:53-08:00,0,52
meta\index.html,12,html,6fdf2f02,Andy Huang,2025-02-14,20:58:53,-08:00,2025-02-14T20:58:53-08:00,0,52
meta\index.html,13,html,602c8d02,Andy Huang,2025-02-14,20:46:02,-08:00,2025-02-14T20:46:02-08:00,0,44
meta\index.html,14,html,6fdf2f02,Andy Huang,2025-02-14,20:58:53,-08:00,2025-02-14T20:58:53-08:00,0,52
meta\index.html,15,html,6fdf2f02,Andy Huang,2025-02-14,20:58:53,-08:00,2025-02-14T20:58:53-08:00,0,21
meta\index.html,16,html,8d17c4d7,Andy Huang,2025-02-14,20:39:14,-08:00,2025-02-14T20:39:14-08:00,0,6
meta\index.html,17,html,8d17c4d7,Andy Huang,2025-02-14,20:39:14,-08:00,2025-02-14T20:39:14-08:00,0,6
contact\index.html,1,html,3008ae59,Andy Huang,2025-01-10,14:02:30,-08:00,2025-01-10T14:02:30-08:00,0,14
contact\index.html,2,html,3008ae59,Andy Huang,2025-01-10,14:02:30,-08:00,2025-01-10T14:02:30-08:00,0,15
contact\index.html,3,html,3008ae59,Andy Huang,2025-01-10,14:02:30,-08:00,2025-01-10T14:02:30-08:00,0,5
contact\index.html,4,html,3008ae59,Andy Huang,2025-01-10,14:02:30,-08:00,2025-01-10T14:02:30-08:00,0,21
contact\index.html,5,html,3008ae59,Andy Huang,2025-01-10,14:02:30,-08:00,2025-01-10T14:02:30-08:00,0,69
contact\index.html,6,html,4bb4d3b8,Andy Huang,2025-01-17,13:47:10,-08:00,2025-01-17T13:47:10-08:00,0,42
contact\index.html,7,html,1aaf762b,Andy Huang,2025-01-17,13:26:32,-08:00,2025-01-17T13:26:32-08:00,0,50
contact\index.html,8,html,3008ae59,Andy Huang,2025-01-10,14:02:30,-08:00,2025-01-10T14:02:30-08:00,0,6
contact\index.html,9,html,3008ae59,Andy Huang,2025-01-10,14:02:30,-08:00,2025-01-10T14:02:30-08:00,0,5
contact\index.html,10,html,2e4ff62e,Andy Huang,2025-01-24,19:54:59,-08:00,2025-01-24T19:54:59-08:00,0,49
contact\index.html,11,html,43da75d5,Andy Huang,2025-01-24,20:47:14,-08:00,2025-01-24T20:47:14-08:00,0,26
contact\index.html,12,html,68d19fd5,Andy Huang,2025-01-10,22:34:44,-08:00,2025-01-10T22:34:44-08:00,0,15
contact\index.html,13,html,dc8282b6,Andy Huang,2025-01-24,21:42:31,-08:00,2025-01-24T21:42:31-08:00,0,51
contact\index.html,14,html,95fa7237,Andy Huang,2025-01-10,14:31:13,-08:00,2025-01-10T14:31:13-08:00,0,0
contact\index.html,15,html,95fa7237,Andy Huang,2025-01-10,14:31:13,-08:00,2025-01-10T14:31:13-08:00,0,6
contact\index.html,16,html,49dfc378,Andy Huang,2025-01-10,22:47:33,-08:00,2025-01-10T22:47:33-08:00,0,7
contact\index.html,17,html,95fa7237,Andy Huang,2025-01-10,14:31:13,-08:00,2025-01-10T14:31:13-08:00,0,33
contact\index.html,18,html,95fa7237,Andy Huang,2025-01-10,14:31:13,-08:00,2025-01-10T14:31:13-08:00,0,7
contact\index.html,19,html,95fa7237,Andy Huang,2025-01-10,14:31:13,-08:00,2025-01-10T14:31:13-08:00,0,0
contact\index.html,20,html,95fa7237,Andy Huang,2025-01-10,14:31:13,-08:00,2025-01-10T14:31:13-08:00,0,6
contact\index.html,21,html,95fa7237,Andy Huang,2025-01-10,14:31:13,-08:00,2025-01-10T14:31:13-08:00,0,7
contact\index.html,22,html,95fa7237,Andy Huang,2025-01-10,14:31:13,-08:00,2025-01-10T14:31:13-08:00,0,32
contact\index.html,23,html,95fa7237,Andy Huang,2025-01-10,14:31:13,-08:00,2025-01-10T14:31:13-08:00,0,7
contact\index.html,24,html,95fa7237,Andy Huang,2025-01-10,14:31:13,-08:00,2025-01-10T14:31:13-08:00,0,0
contact\index.html,25,html,95fa7237,Andy Huang,2025-01-10,14:31:13,-08:00,2025-01-10T14:31:13-08:00,0,20
contact\index.html,26,html,95fa7237,Andy Huang,2025-01-10,14:31:13,-08:00,2025-01-10T14:31:13-08:00,0,6
contact\index.html,27,html,3008ae59,Andy Huang,2025-01-10,14:02:30,-08:00,2025-01-10T14:02:30-08:00,0,6
contact\index.html,28,html,3008ae59,Andy Huang,2025-01-10,14:02:30,-08:00,2025-01-10T14:02:30-08:00,0,6
